ID;Fecha;Grasa (% P/P);Proteina (% P/P);Extracto (% P/P);Lactosa (% P/P);Celulas (/ml*1000);Bacterias (ufc/ml*1000);Inhb.;PC 1;PC 2;% Variac.;Urea (mg/l);Cuan. IgG (mg/ml);Caseina % P/P
1;01/01/2021;3.47;3.28;8.81;4.77;219;10;N;525;;;247;;
1;02/01/2021;3.50;3.27;8.81;4.78;146;10;N;524;;;250;;
1;03/01/2021;3.45;3.27;8.8;4.8;116;10;N;523;;;247;;
1;04/01/2021;3.59;3.27;8.80;4.80;115;10;N;526;;;226;;
1;05/01/2021;3.50;3.22;8.71;4.76;120;10;N;520;;;253;;
1;06/01/2021;3.57;3.20;8.72;4.76;119;10;N;521;;;231;;
1;07/01/2021;3.52;3.18;8.74;4.75;94;10;N;521;;;172;;
1;08/01/2021;3.57;3.23;8.79;4.78;112;10;N;526;;;227;;
1;09/01/2021;3.49;3.22;8.75;4.78;100;10;N;527;;;210;;
1;10/01/2021;3.59;3.22;8.78;4.83;88;10;N;530;;;236;;
1;11/01/2021;3.56;3.19;8.69;4.76;118;10;N;524;;;225;;
1;12/01/2021;3.56;3.20;8.65;4.75;95;10;N;523;;;234;;
1;01/01/2022;3.55;3.22;8.77;4.85;81;10;N;526;;;160;;
1;02/01/2022;3.48;3.17;8.71;4.83;87;12;N;524;;;211;;
2;01/01/2021;3.78;3.23;8.79;4.79;97;22;N;525;;;264;;
2;02/01/2021;3.74;3.15;8.68;4.77;150;26;N;527;;;215;;
2;03/01/2021;3.69;3.09;8.64;4.81;104;24;N;529;;;142;;
2;04/01/2021;3.62;3.19;8.75;4.81;160;26;N;530;;;181;;
2;05/01/2021;3.65;3.14;8.68;4.78;169;20;N;525;;;164;;
2;06/01/2021;3.6;1.11;8.70;4.80;109;24;N;530;;;149;;
2;07/01/2021;3.56;3.09;8.68;4.78;144;33;N;528;;;126;;
2;08/01/2021;3.64;3.12;8.67;4.79;141;27;N;527;;;194;;
2;09/01/2021;3.59;3.11;8.61;4.74;165;39;N;527;;;150;;
2;10/01/2021;3.56;3.10;8.58;4.75;154;36;N;530;;;186;;
2;11/01/2021;3.59;3.15;8.62;4.74;151;35;N;530;;;218;;
2;12/01/2021;3.61;3.16;8.57;4.71;147;36;N;526;;;187;;
2;01/01/2022;3.50;3.17;8.65;4.80;137;38;N;530;;;148;;
2;02/01/2022;3.52;3.18;8.7;4.82;102;30;N;529;;;256;;
3;01/01/2021;3.87;3.36;9.07;4.91;248;10;N;526;;;190;;
3;02/01/2021;3.78;3.28;8.92;4.87;259;13;N;522;;;157;;
3;03/01/2021;3.57;3.31;9.02;4.93;219;10;N;529;;;129;;
3;04/01/2021;3.67;3.31;9.01;4.93;279;10;N;529;;;176;;
3;05/01/2021;3.71;3.31;9.01;4.90;281;10;N;522;;;180;;
3;06/01/2021;3.68;3.26;8.96;4.91;238;14;N;525;;;172;;
3;07/01/2021;3.65;3.22;8.83;4.86;235;10;N;521;;;154;;
3;08/01/2021;3.68;3.26;8.90;4.88;231;10;N;525;;;166;;
3;09/01/2021;3.64;3.29;8.92;4.92;398;10;N;531;;;205;;
3;10/01/2021;3.68;3.28;8.89;4.85;273;10;N;522;;;187;;
3;11/01/2021;3.61;3.29;8.92;4.90;321;10;N;525;;;142;;
3;12/01/2021;3.53;3.28;8.94;4.93;403;10;N;525;;;156;;
3;01/01/2022;3.57;3.25;9.01;5.0;341;10;N;528;;;91;;
3;02/01/2022;3.57;3.26;8.96;4.97;327;10;N;524;;;159;;
4;01/01/2021;3.65;3.1;8.75;4.85;144;10;N;530;;;140;;
4;02/01/2021;3.92;3.18;8.9;4.9;198;10;N;532;;;157;;
4;03/01/2021;3.72;3.13;8.79;4.88;250;10;N;532;;;93;;
4;04/01/2021;3.80;3.15;8.82;4.88;191;10;N;532;;;100;;
4;05/01/2021;3.81;3.17;8.85;4.86;156;10;N;531;;;109;;
4;06/01/2021;3.60;2.99;8.61;4.82;131;10;N;527;;;119;;
4;07/01/2021;3.81;3.04;8.76;4.88;230;10;N;534;;;80;;
4;08/01/2021;3.68;3.1;8.81;4.91;93;10;N;534;;;188;;
4;09/01/2021;3.64;3.09;8.75;4.9;166;10;N;533;;;146;;
4;10/01/2021;3.75;3.08;8.71;4.87;167;10;N;534;;;151;;
4;11/01/2021;3.66;3.08;8.75;4.89;123;10;N;537;;;168;;
4;12/01/2021;3.56;3.04;8.6;4.83;115;10;N;530;;;144;;
4;01/01/2022;3.46;2.98;8.59;4.89;163;10;N;531;;;74;;
4;02/01/2022;3.58;3.06;8.72;4.91;149;10;N;533;;;120;;
5;01/01/2021;3.63;3.35;9.03;4.89;499;18;N;524;;;166;;
5;02/01/2021;3.57;3.34;9.02;4.88;504;12;N;520;;;140;;
5;03/01/2021;3.62;3.33;8.94;4.85;421;19;N;520;;;170;;
5;04/01/2021;3.61;3.35;8.97;4.87;332;16;N;523;;;162;;
5;05/01/2021;3.61;3.34;9.01;4.90;185;10;N;524;;;154;;
5;06/01/2021;3.60;3.3;8.98;4.88;232;11;N;522;;;117;;
5;07/01/2021;3.60;3.30;8.96;4.89;443;22;N;521;;;162;;
5;08/01/2021;3.54;3.31;8.94;4.86;423;14;N;523;;;158;;
5;09/01/2021;3.56;3.34;8.96;4.87;294;21;N;521;;;190;;
5;10/01/2021;3.68;3.33;8.91;4.88;426;17;N;523;;;206;;
5;11/01/2021;3.69;3.30;8.86;4.82;355;25;N;522;;;218;;
5;12/01/2021;3.66;3.36;8.9;4.82;380;18;N;522;;;189;;
5;01/01/2022;3.88;3.34;8.94;4.87;579;24;N;521;;;174;;
5;02/01/2022;3.61;3.31;8.96;4.91;439;72;N;523;;;100;;
6;01/01/2021;3.95;3.40;8.97;4.77;432;21;N;531;;;253;;
6;02/01/2021;3.84;3.28;8.84;4.8;298;21;N;531;;;235;;
6;03/01/2021;3.7;3.18;8.79;4.83;380;52;N;529;;;202;;
6;04/01/2021;3.54;3.14;8.77;4.84;506;31;N;530;;;202;;
6;05/01/2021;3.7;3.2;8.76;4.85;254;39;N;537;;;252;;
6;06/01/2021;3.73;3.23;8.77;4.81;212;50;N;530;;;175;;
6;07/01/2021;3.54;3.22;8.88;4.91;210;42;N;531;;;162;;
7;01/01/2021;3.92;3.26;8.76;4.72;598;23;N;520;;;224;;
7;02/01/2021;3.89;3.27;8.77;4.76;269;21;N;522;;;234;;
7;03/01/2021;3.86;3.25;8.70;4.71;284;23;N;520;;;215;;
7;04/01/2021;3.93;3.32;8.78;4.72;537;26;N;530;;;212;;
7;05/01/2021;3.68;3.26;8.71;4.68;356;20;N;521;;;234;;
7;06/01/2021;3.93;3.30;8.75;4.69;297;50;N;520;;;282;;
7;07/01/2021;3.99;3.27;8.72;4.7;405;22;N;522;;;237;;
7;08/01/2021;3.89;3.29;8.78;4.76;281;21;N;524;;;277;;
7;09/01/2021;3.82;3.3;8.70;4.72;288;20;N;523;;;266;;
7;10/01/2021;3.94;3.31;8.73;4.7;286;24;N;521;;;282;;
7;11/01/2021;3.70;3.31;8.71;4.72;450;23;N;520;;;252;;
7;12/01/2021;3.84;3.25;8.70;4.76;457;17;N;516;;;288;;
7;01/01/2022;3.96;3.21;8.76;4.83;238;19;N;521;;;171;;
7;02/01/2022;3.82;3.06;8.53;4.75;257;11;N;507;;;150;;
8;01/01/2021;3.71;3.05;8.71;4.91;103;19;N;528;;;254;;
8;02/01/2021;3.6;3.02;8.59;4.84;122;16;N;524;;;280;;
8;03/01/2021;3.66;3.02;8.57;4.85;103;13;N;522;;;284;;
8;04/01/2021;3.74;3.06;8.69;4.9;59;11;N;528;;;264;;
8;05/01/2021;3.82;3.15;8.74;4.79;84;12;N;526;;;256;;
8;06/01/2021;3.96;3.22;8.82;4.79;76;18;N;528;;;271;;
8;07/01/2021;3.96;3.21;8.77;4.78;88;13;N;526;;;309;;
8;08/01/2021;3.86;3.15;8.73;4.8;127;14;N;530;;;230;;
8;09/01/2021;3.88;3.14;8.69;4.84;114;13;N;531;;;261;;
8;10/01/2021;3.77;3.06;8.66;4.84;42;13;N;530;;;273;;
8;11/01/2021;3.66;3.08;8.6;4.8;117;11;N;524;;;234;;
8;12/01/2021;3.69;3.08;8.63;4.84;109;32;N;523;;;219;;
8;01/01/2022;3.77;3.01;8.67;4.92;83;13;N;529;;;217;;
8;02/01/2022;3.71;3.02;8.63;4.91;55;11;N;530;;;260;;
9;01/01/2021;3.50;3.08;8.61;4.75;456;36;N;521;;;130;;
9;02/01/2021;3.46;3.13;8.59;4.71;281;26;N;517;;;169;;
9;03/01/2021;3.71;3.13;8.66;4.78;349;26;N;522;;;141;;
9;04/01/2021;3.55;3.00;8.55;4.77;361;50;N;516;;;79;;
9;05/01/2021;3.53;2.95;8.48;4.73;289;31;N;511;;;89;;
9;06/01/2021;3.49;3.03;8.57;4.77;248;43;N;520;;;169;;
9;07/01/2021;3.52;2.99;8.56;4.80;404;32;N;525;;;168;;
9;08/01/2021;3.47;2.94;8.41;4.75;269;26;N;513;;;131;;
9;09/01/2021;3.5;3.07;8.62;4.82;419;20;N;532;;;181;;
9;10/01/2021;3.66;3.21;8.67;4.68;483;70;N;523;;;170;;
9;11/01/2021;3.69;3.14;8.55;4.67;723;34;N;521;;;157;;
9;12/01/2021;3.71;3.11;8.57;4.73;527;30;N;521;;;131;;
9;01/01/2022;3.61;3.06;8.57;4.78;636;15;N;520;;;121;;
10;01/01/2021;4.13;3.31;8.91;4.83;160;10;N;530;;;216;;
10;02/01/2021;4.12;3.28;8.89;4.85;221;10;N;530;;;216;;
10;03/01/2021;4.10;3.29;8.87;4.83;134;10;N;524;;;212;;
10;04/01/2021;4.16;3.28;8.89;4.84;131;10;N;527;;;217;;
10;05/01/2021;4.08;3.26;8.86;4.83;90;10;N;522;;;211;;
10;06/01/2021;4.04;3.24;8.81;4.79;117;18;N;523;;;199;;
10;07/01/2021;4.03;3.21;8.86;4.84;85;10;N;527;;;217;;
10;08/01/2021;3.97;3.21;8.81;4.84;91;10;N;523;;;214;;
10;09/01/2021;3.91;3.24;8.87;4.9;103;10;N;531;;;220;;
10;10/01/2021;4.02;3.23;8.84;4.87;142;10;N;528;;;219;;
10;11/01/2021;4.06;3.20;8.76;4.80;113;10;N;526;;;197;;
10;12/01/2021;3.91;3.19;8.72;4.81;80;10;N;523;;;211;;
10;01/01/2022;3.98;3.26;8.83;4.85;79;10;N;524;;;131;;
10;02/01/2022;3.96;3.22;8.82;4.88;85;10;N;525;;;213;;
11;01/01/2021;3.58;3.08;8.75;4.87;61;10;N;522;;;171;;
11;02/01/2021;3.81;3.36;8.96;4.78;447;13;N;532;;;197;;
11;03/01/2021;3.65;3.37;8.97;4.77;353;16;N;525;;;146;;
11;04/01/2021;3.48;3.24;8.84;4.78;274;10;N;525;;;168;;
11;05/01/2021;3.36;3.12;8.71;4.78;103;10;N;522;;;144;;
11;06/01/2021;3.79;3.08;8.63;4.76;1334;15;N;523;;;167;;
11;07/01/2021;3.62;3.09;8.68;4.82;1037;10;N;527;;;146;;
11;08/01/2021;3.45;3.13;8.66;4.81;298;10;N;524;;;193;;
11;09/01/2021;3.67;3.1;8.66;4.79;157;12;N;526;;;213;;
11;10/01/2021;3.5;3.14;8.68;4.8;146;10;N;525;;;192;;
11;11/01/2021;3.51;3.06;8.61;4.81;702;10;N;522;;;155;;
11;12/01/2021;3.49;3.04;8.66;4.87;570;10;N;524;;;116;;
11;01/01/2022;3.44;3.09;8.65;4.81;219;10;N;523;;;147;;
12;01/01/2021;3.75;3.21;8.65;4.64;156;49;N;527;;;100;;
12;02/01/2021;3.72;3.2;8.58;4.61;163;82;N;522;;;143;;
12;03/01/2021;3.86;3.22;8.62;4.64;150;11;N;524;;;133;;
12;04/01/2021;3.70;3.17;8.63;4.70;124;10;N;526;;;116;;
12;05/01/2021;3.73;3.13;8.59;4.68;116;13;N;526;;;106;;
12;06/01/2021;3.66;3.10;8.55;4.67;133;24;N;521;;;143;;
12;07/01/2021;3.68;3.20;8.58;4.66;153;53;N;528;;;366;;
12;08/01/2021;3.83;3.13;8.56;4.67;210;12;N;528;;;162;;
12;09/01/2021;3.74;1.15;8.60;4.69;113;12;N;526;;;138;;
12;10/01/2021;3.77;3.14;8.56;4.72;104;15;N;525;;;236;;
12;11/01/2021;3.71;3.05;8.55;4.77;121;23;N;529;;;101;;
12;12/01/2021;3.59;3.04;8.48;4.74;91;27;N;522;;;138;;
13;01/01/2021;3.71;3.16;8.83;4.86;227;24;N;528;;;156;;
13;02/01/2021;3.64;3.16;8.83;4.89;126;22;N;528;;;152;;
13;03/01/2021;3.56;3.16;8.81;4.88;232;23;N;530;;;102;;
13;04/01/2021;3.57;3.18;8.81;4.88;342;20;N;528;;;167;;
13;05/01/2021;3.64;3.13;8.79;4.87;356;19;N;525;;;144;;
13;06/01/2021;3.53;3.09;8.73;4.85;268;20;N;526;;;122;;
13;07/01/2021;3.45;3.14;8.74;4.84;353;19;N;525;;;185;;
13;08/01/2021;3.57;1.14;8.79;4.87;186;20;N;524;;;176;;
13;09/01/2021;3.58;3.13;8.77;4.91;227;20;N;536;;;203;;
13;10/01/2021;3.53;3.07;8.63;4.83;141;19;N;525;;;176;;
13;11/01/2021;3.62;3.05;8.61;4.82;123;20;N;525;;;179;;
13;12/01/2021;3.56;3.06;8.58;4.81;190;20;N;524;;;211;;
13;01/01/2022;3.65;3.11;8.72;4.89;241;19;N;530;;;160;;
13;02/01/2022;3.50;3.12;8.78;4.94;229;15;N;530;;;166;;
14;01/01/2021;3.82;3.05;8.52;0.74;136;15;N;527;;;234;;
14;02/01/2021;3.64;2.96;8.48;4.80;128;23;N;525;;;196;;
14;03/01/2021;3.57;2.99;8.51;4.80;118;21;N;525;;;158;;
14;04/01/2021;3.68;3.05;8.6;4.83;108;35;N;529;;;160;;
14;05/01/2021;3.65;2.99;8.46;4.74;174;65;N;526;;;154;;
14;06/01/2021;3.45;3.01;8.49;4.73;144;34;N;524;;;167;;
14;07/01/2021;3.57;3.0;8.51;4.79;129;14;N;524;;;179;;
14;08/01/2021;3.51;2.97;8.43;4.72;81;21;N;522;;;183;;
14;09/01/2021;3.49;2.94;8.37;4.71;94;17;N;525;;;101;;
14;10/01/2021;3.36;2.97;8.38;4.71;152;27;N;523;;;158;;
14;11/01/2021;3.49;2.99;8.43;4.72;103;46;N;523;;;133;;
14;12/01/2021;3.5;3.01;8.36;4.67;144;10;N;525;;;148;;
14;01/01/2022;3.41;3.04;8.48;4.77;186;14;N;524;;;97;;
14;02/01/2022;3.33;3.01;8.52;4.82;212;15;N;525;;;114;;
15;01/01/2021;3.71;3.10;8.44;4.61;384;10;N;524;;;264;;
15;02/01/2021;3.79;3.07;8.39;0.61;280;44;N;520;;;263;;
15;03/01/2021;3.7;3.05;8.37;4.59;242;10;N;521;;;228;;
15;04/01/2021;3.71;3.13;8.41;4.58;274;10;N;523;;;244;;
15;05/01/2021;3.66;3.11;8.04;0.62;238;10;N;521;;;235;;
15;06/01/2021;3.68;3.19;8.55;4.60;225;10;N;525;;;244;;
15;07/01/2021;3.72;3.14;8.51;4.62;250;10;N;523;;;240;;
15;08/01/2021;3.76;3.14;8.56;0.66;241;10;N;527;;;216;;
15;09/01/2021;3.81;3.13;8.49;4.65;300;10;N;527;;;210;;
15;10/01/2021;3.79;3.12;8.48;4.65;338;10;N;527;;;230;;
15;11/01/2021;3.77;3.11;8.09;4.64;195;10;N;525;;;238;;
15;12/01/2021;3.8;3.09;8.38;4.61;264;10;N;523;;;231;;
15;01/01/2022;3.79;3.14;8.50;4.68;228;10;N;525;;;211;;
15;02/01/2022;3.83;3.07;8.5;4.73;237;10;N;527;;;199;;
16;01/01/2021;3.68;3.27;8.80;4.79;280;37;N;524;;;295;;
16;02/01/2021;3.55;3.29;8.77;4.77;288;51;N;520;;;293;;
16;03/01/2021;3.62;3.28;8.82;4.79;316;38;N;521;;;268;;
16;04/01/2021;3.64;3.33;8.81;4.76;275;35;N;522;;;289;;
16;05/01/2021;3.64;3.29;8.80;4.77;283;95;N;520;;;265;;
16;06/01/2021;3.64;3.29;8.84;4.77;290;33;N;523;;;261;;
16;07/01/2021;3.68;3.3;8.85;4.8;250;34;N;523;;;268;;
16;08/01/2021;3.52;3.27;8.82;4.8;230;58;N;524;;;311;;
16;09/01/2021;3.51;3.27;8.78;4.77;270;67;N;526;;;290;;
16;10/01/2021;3.58;3.25;8.71;4.75;254;34;N;521;;;283;;
16;11/01/2021;3.61;3.27;8.72;4.74;289;46;N;524;;;311;;
16;12/01/2021;3.58;3.27;8.69;4.73;296;36;N;521;;;306;;
16;01/01/2022;3.57;3.29;8.73;4.76;308;40;N;521;;;243;;
16;02/01/2022;3.67;3.31;8.82;4.81;231;13;N;525;;;243;;
17;01/01/2021;3.78;3.23;8.91;4.85;174;10;N;526;;;146;;
17;02/01/2021;3.73;3.21;8.89;4.90;220;11;N;526;;;161;;
17;03/01/2021;3.68;3.2;8.87;4.92;214;13;N;526;;;107;;
17;04/01/2021;3.68;3.23;8.94;4.94;245;10;N;528;;;143;;
17;05/01/2021;3.59;3.23;8.91;4.90;215;10;N;523;;;147;;
17;06/01/2021;3.60;3.23;8.91;4.89;243;10;N;526;;;150;;
17;07/01/2021;3.61;3.26;8.98;4.9;237;10;N;526;;;121;;
17;08/01/2021;3.67;3.25;8.95;4.91;174;10;N;527;;;220;;
17;09/01/2021;3.72;3.22;8.9;4.94;226;10;N;529;;;199;;
17;10/01/2021;3.73;3.17;8.8;4.91;161;66;N;525;;;179;;
17;11/01/2021;3.77;3.23;8.95;4.94;170;10;N;530;;;209;;
17;12/01/2021;3.74;3.23;8.87;4.91;125;10;N;525;;;199;;
17;01/01/2022;3.81;3.25;8.94;4.96;158;20;N;528;;;152;;
17;02/01/2022;3.73;3.21;8.94;5.00;140;10;N;526;;;143;;
18;01/01/2021;3.65;3.1;8.5;4.69;390;35;N;521;;;221;;
18;02/01/2021;3.53;3.02;8.45;4.70;340;45;N;521;;;173;;
18;03/01/2021;3.81;3.06;8.49;4.71;410;42;N;523;;;173;;
18;04/01/2021;3.74;3.03;8.46;4.69;469;57;N;521;;;164;;
18;05/01/2021;3.70;2.98;8.41;4.67;396;39;N;522;;;161;;
18;06/01/2021;3.85;2.99;8.45;4.67;329;53;N;522;;;130;;
18;07/01/2021;3.84;3.01;8.48;4.71;305;28;N;530;;;168;;
18;08/01/2021;3.69;3.01;8.42;4.7;278;37;N;527;;;155;;
18;09/01/2021;3.66;2.99;8.38;4.68;273;53;N;522;;;151;;
18;10/01/2021;3.66;3.02;8.45;4.72;270;39;N;526;;;187;;
18;11/01/2021;3.70;3.01;8.32;4.64;301;31;N;519;;;195;;
18;12/01/2021;3.63;3.02;8.43;4.72;375;30;N;523;;;119;;
18;01/01/2022;3.6;2.97;8.35;4.69;300;46;N;507;;;127;;
19;01/01/2021;3.99;3.02;8.56;4.77;235;30;N;526;;;157;;
19;02/01/2021;3.94;2.99;8.44;4.69;246;19;N;521;;;156;;
19;03/01/2021;3.88;2.96;8.38;4.69;268;15;N;522;;;136;;
19;04/01/2021;3.97;3.01;8.49;4.71;211;19;N;525;;;144;;
19;05/01/2021;3.73;2.98;8.49;4.74;250;14;N;526;;;138;;
19;06/01/2021;3.79;2.98;8.48;4.73;239;18;N;525;;;168;;
19;07/01/2021;3.81;2.95;8.41;4.71;316;19;N;525;;;163;;
19;08/01/2021;3.76;2.97;8.42;4.71;303;18;N;526;;;162;;
19;09/01/2021;3.75;2.98;8.43;4.76;325;26;N;525;;;214;;
19;10/01/2021;3.82;2.97;8.38;4.70;327;24;N;525;;;218;;
19;11/01/2021;3.88;2.99;8.44;4.72;281;22;N;524;;;147;;
19;12/01/2021;3.91;3.05;8.55;4.8;229;15;N;530;;;178;;
19;01/01/2022;3.85;3.01;8.59;4.84;247;13;N;528;;;106;;
19;02/01/2022;3.80;2.99;8.53;4.83;350;20;N;526;;;150;;
20;01/01/2021;3.73;3.40;8.98;4.83;982;64;N;524;;;232;;
20;02/01/2021;3.72;3.38;8.97;4.83;831;33;N;520;;;217;;
20;03/01/2021;3.72;3.36;8.99;4.87;701;34;N;530;;;174;;
20;04/01/2021;3.80;3.38;8.98;4.85;873;29;N;524;;;198;;
20;05/01/2021;3.76;3.35;8.93;4.80;691;31;N;520;;;206;;
20;06/01/2021;3.77;3.31;8.93;4.8;776;37;N;522;;;203;;
20;07/01/2021;3.72;3.33;8.92;4.82;661;24;N;522;;;187;;
20;08/01/2021;3.50;3.36;8.98;4.85;705;53;N;527;;;213;;
20;09/01/2021;3.55;3.35;8.92;4.85;785;40;N;526;;;250;;
20;10/01/2021;3.69;3.34;8.87;4.82;925;47;N;523;;;239;;
20;11/01/2021;3.74;3.34;8.93;4.85;788;53;N;526;;;228;;
20;12/01/2021;3.66;3.4;8.93;4.81;926;48;N;521;;;217;;
20;01/01/2022;3.53;3.40;8.97;4.87;796;28;N;520;;;180;;
20;02/01/2022;3.56;3.43;9.06;4.91;787;46;N;521;;;184;;
21;01/01/2021;4.17;3.17;8.71;4.17;691;19;N;528;;;187;;
21;02/01/2021;4.05;3.13;8.63;4.77;563;18;N;523;;;203;;
21;03/01/2021;4.05;3.16;8.57;4.78;653;20;N;520;;;204;;
21;04/01/2021;4.04;3.14;8.65;4.76;634;20;N;526;;;162;;
21;05/01/2021;4.12;3.10;8.59;4.72;709;38;N;525;;;161;;
21;06/01/2021;4.17;3.07;8.57;4.74;664;63;N;526;;;179;;
21;07/01/2021;4.03;3.08;8.55;4.73;753;89;N;521;;;175;;
21;08/01/2021;4.18;3.03;8.50;4.72;667;20;N;525;;;184;;
21;09/01/2021;4.05;3.08;8.48;4.73;532;16;N;524;;;170;;
21;10/01/2021;4.15;3.10;8.49;4.67;472;19;N;526;;;180;;
21;11/01/2021;4.11;3.08;8.47;4.70;534;17;N;528;;;182;;
21;12/01/2021;4.11;3.12;8.57;4.75;489;15;N;526;;;184;;
21;01/01/2022;4.06;3.09;8.58;4.77;458;24;N;527;;;140;;
21;02/01/2022;4.08;3.09;8.55;4.76;390;14;N;525;;;173;;
22;01/01/2021;3.89;3.23;8.74;4.77;261;11;N;534;;;219;;
22;02/01/2021;3.82;3.18;8.68;4.78;178;14;N;531;;;174;;
22;03/01/2021;3.75;3.19;8.76;4.80;235;15;N;538;;;193;;
22;04/01/2021;3.79;3.24;8.71;4.8;209;12;N;531;;;246;;
22;05/01/2021;3.82;3.17;8.72;4.77;298;16;N;531;;;182;;
22;06/01/2021;3.91;3.15;8.71;4.76;285;18;N;533;;;175;;
22;07/01/2021;3.92;3.16;8.72;4.78;140;12;N;534;;;156;;
22;08/01/2021;3.94;3.13;8.65;4.77;112;13;N;533;;;159;;
22;09/01/2021;3.96;3.13;8.61;4.79;100;17;N;531;;;212;;
22;10/01/2021;3.91;3.08;8.59;4.77;195;18;N;534;;;208;;
22;11/01/2021;3.79;3.09;8.63;4.80;219;18;N;538;;;154;;
22;12/01/2021;3.78;3.13;8.70;4.85;355;16;N;534;;;132;;
22;01/01/2022;3.56;3.11;8.71;4.86;267;18;N;538;;;162;;
22;02/01/2022;3.80;3.10;8.65;4.85;483;21;N;535;;;175;;
23;01/01/2021;3.94;3.26;8.92;4.85;148;12;N;521;;;131;;
23;02/01/2021;3.9;3.22;8.85;4.84;159;14;N;520;;;149;;
23;03/01/2021;3.96;3.22;8.86;4.86;140;19;N;521;;;123;;
23;04/01/2021;3.93;3.24;8.86;4.91;123;24;N;520;;;189;;
23;05/01/2021;3.88;3.18;8.86;4.87;113;47;N;520;;;126;;
23;06/01/2021;3.94;3.15;8.79;4.84;153;18;N;520;;;171;;
23;07/01/2021;3.88;3.17;8.83;4.87;314;53;N;522;;;154;;
23;08/01/2021;3.86;3.17;8.76;4.83;157;28;N;516;;;168;;
23;09/01/2021;3.85;3.16;8.74;4.86;227;39;N;521;;;193;;
23;10/01/2021;3.82;3.18;8.77;4.89;151;48;N;524;;;198;;
23;11/01/2021;3.88;3.19;8.76;4.83;152;64;N;520;;;167;;
23;12/01/2021;3.99;3.15;8.78;4.88;208;53;N;521;;;169;;
23;01/01/2022;3.91;3.14;8.81;4.92;192;53;N;520;;;108;;
23;02/01/2022;3.85;3.09;8.71;4.89;282;61;N;520;;;154;;
24;01/01/2021;3.81;3.0;8.43;4.7;138;13;N;526;;;327;;
24;02/01/2021;3.74;2.92;8.31;4.67;179;12;N;523;;;250;;
24;03/01/2021;3.66;2.93;8.28;4.66;153;19;N;523;;;297;;
24;04/01/2021;7.75;2.97;8.3;4.7;134;15;N;523;;;323;;
24;05/01/2021;3.73;2.92;8.35;4.68;166;15;N;524;;;267;;
24;06/01/2021;3.71;2.9;8.29;4.65;150;16;N;523;;;273;;
24;07/01/2021;3.72;2.94;8.29;4.64;160;20;N;524;;;282;;
24;08/01/2021;3.76;2.95;8.34;4.67;159;15;N;528;;;262;;
24;09/01/2021;3.71;3.02;8.35;4.67;308;18;N;531;;;317;;
24;10/01/2021;3.76;2.99;8.33;4.62;329;15;N;527;;;262;;
24;11/01/2021;3.65;2.98;8.32;4.64;369;16;N;525;;;253;;
24;12/01/2021;3.63;2.96;8.38;4.72;255;14;N;527;;;236;;
24;01/01/2022;3.78;2.97;8.42;4.73;268;16;N;527;;;209;;
24;02/01/2022;3.62;2.94;8.36;4.73;246;26;N;526;;;216;;
25;01/01/2021;3.94;3.43;9.13;4.93;424;59;N;527;;;217;;
25;02/01/2021;3.86;3.39;9.03;4.89;351;47;N;520;;;211;;
25;03/01/2021;3.85;3.41;9.11;4.95;320;975;N;526;;;216;;
25;04/01/2021;4.04;3.43;9.06;4.94;415;919;N;522;;;212;;
25;05/01/2021;3.76;3.39;9.07;4.92;338;10;N;522;;;178;;
25;06/01/2021;3.89;3.38;9.06;4.90;492;21;N;523;;;213;;
25;07/01/2021;3.87;3.41;9.07;4.9;509;26;N;524;;;214;;
25;08/01/2021;4.07;3.44;9.11;4.92;474;12;N;528;;;199;;
25;09/01/2021;3.92;3.42;9.06;4.94;502;58;N;526;;;216;;
25;10/01/2021;3.95;3.41;9.03;4.88;469;45;N;525;;;167;;
25;11/01/2021;3.9;3.4;9.06;4.92;421;38;N;526;;;165;;
25;12/01/2021;3.96;3.44;9.15;4.99;419;16;N;525;;;170;;
25;01/01/2022;3.96;3.43;9.2;5.02;294;12;N;527;;;173;;
25;02/01/2022;3.91;3.42;9.13;4.99;408;11;N;525;;;170;;
26;01/01/2021;3.83;3.1;8.61;4.76;180;13;N;530;;;227;;
26;02/01/2021;3.83;3.02;8.43;4.7;315;14;N;527;;;277;;
26;03/01/2021;4.18;1.16;8.58;4.69;427;13;N;529;;;268;;
26;04/01/2021;4.06;3.08;8.54;4.72;258;14;N;531;;;254;;
26;05/01/2021;3.91;3.0;8.44;4.70;192;11;N;529;;;237;;
26;06/01/2021;3.97;3.01;8.46;4.69;370;13;N;532;;;200;;
26;07/01/2021;3.84;3.00;8.37;4.64;559;23;N;523;;;167;;
26;08/01/2021;3.93;3.16;8.58;4.68;506;58;N;533;;;202;;
26;09/01/2021;3.98;3.26;8.67;4.71;301;16;N;537;;;281;;
26;10/01/2021;4.12;3.11;8.52;4.67;186;21;N;534;;;269;;
26;11/01/2021;4.15;3.16;8.62;4.73;180;12;N;530;;;191;;
26;12/01/2021;4.17;3.11;8.6;4.79;271;17;N;528;;;180;;
26;01/01/2022;4.01;3.04;8.63;4.86;124;263;N;536;;;121;;
26;02/01/2022;4.11;3.03;8.55;4.83;163;106;N;533;;;177;;
1;01/01/2020;3.4;3.21;8.74;4.7;220;11;N;526;;;248;;
1;02/01/2020;3.46;3.23;8.77;4.74;146;10;N;524;;;250;;
1;03/01/2020;3.53;3.35;8.88;4.88;114;8;N;521;;;245;;
1;04/01/2020;3.59;3.27;8.8;4.8;114;9;N;525;;;225;;
1;05/01/2020;3.44;3.16;8.65;4.7;122;12;N;522;;;255;;
1;06/01/2020;3.55;3.18;8.7;4.74;121;12;N;523;;;233;;
1;07/01/2020;3.45;3.11;8.67;4.68;96;12;N;523;;;174;;
1;08/01/2020;3.57;3.23;8.79;4.78;112;10;N;526;;;227;;
1;09/01/2020;3.46;3.19;8.72;4.75;100;10;N;527;;;210;;
1;10/01/2020;3.54;3.17;8.73;4.78;88;10;N;530;;;236;;
1;11/01/2020;3.52;3.15;8.65;4.72;116;8;N;522;;;223;;
1;12/01/2020;3.53;3.17;8.62;4.72;96;11;N;524;;;235;;
1;01/01/2021;3.57;3.24;8.79;4.87;79;8;N;524;;;158;;
1;02/01/2021;3.45;3.14;8.68;4.8;85;10;N;522;;;209;;
2;01/01/2020;3.83;3.28;8.84;4.84;95;20;N;523;;;262;;
2;02/01/2020;3.69;3.1;8.63;4.72;150;26;N;527;;;215;;
2;03/01/2020;3.65;3.05;8.6;4.77;105;25;N;530;;;143;;
2;04/01/2020;3.55;3.12;8.68;4.74;159;25;N;529;;;180;;
2;05/01/2020;3.67;3.16;8.7;4.8;167;18;N;523;;;162;;
2;06/01/2020;3.63;1.14;8.73;4.83;109;24;N;530;;;149;;
2;07/01/2020;3.56;3.09;8.68;4.78;146;35;N;530;;;128;;
2;08/01/2020;3.62;3.1;8.65;4.77;143;29;N;529;;;196;;
2;09/01/2020;3.6;3.12;8.62;4.75;165;39;N;527;;;150;;
2;10/01/2020;3.55;3.09;8.57;4.74;153;35;N;529;;;185;;
2;11/01/2020;3.65;3.21;8.68;4.8;150;34;N;529;;;217;;
2;12/01/2020;3.55;3.1;8.51;4.65;148;37;N;527;;;188;;
2;01/01/2021;3.56;3.23;8.71;4.86;139;40;N;532;;;150;;
2;02/01/2021;3.52;3.18;8.7;4.82;103;31;N;530;;;257;;
3;01/01/2020;3.88;3.37;9.08;4.92;249;11;N;527;;;191;;
3;02/01/2020;3.85;3.35;8.99;4.94;260;14;N;523;;;158;;
3;03/01/2020;3.61;3.35;9.06;4.97;219;10;N;529;;;129;;
3;04/01/2020;3.6;3.24;8.94;4.86;279;10;N;529;;;176;;
3;05/01/2020;3.72;3.32;9.02;4.91;282;11;N;523;;;181;;
3;06/01/2020;3.71;3.29;8.99;4.94;239;15;N;526;;;173;;
3;07/01/2020;3.71;3.28;8.89;4.92;233;8;N;519;;;152;;
3;08/01/2020;3.61;3.19;8.83;4.81;229;8;N;523;;;164;;
3;09/01/2020;3.63;3.28;8.91;4.91;399;11;N;532;;;206;;
3;10/01/2020;3.69;3.29;8.9;4.86;271;8;N;520;;;185;;
3;11/01/2020;3.58;3.26;8.89;4.87;320;9;N;524;;;141;;
3;12/01/2020;3.55;3.3;8.96;4.95;401;8;N;523;;;154;;
3;01/01/2021;3.54;3.22;8.98;4.97;341;10;N;528;;;91;;
3;02/01/2021;3.58;3.27;8.97;4.98;329;12;N;526;;;161;;
4;01/01/2020;3.63;3.08;8.73;4.83;142;8;N;528;;;138;;
4;02/01/2020;3.93;3.19;8.91;4.91;198;10;N;532;;;157;;
4;03/01/2020;3.68;3.09;8.75;4.84;251;11;N;533;;;94;;
4;04/01/2020;3.81;3.16;8.83;4.89;191;10;N;532;;;100;;
4;05/01/2020;3.78;3.14;8.82;4.83;158;12;N;533;;;111;;
4;06/01/2020;3.55;2.94;8.56;4.77;133;12;N;529;;;121;;
4;07/01/2020;3.84;3.07;8.79;4.91;230;10;N;534;;;80;;
4;08/01/2020;3.69;3.11;8.82;4.92;95;12;N;536;;;190;;
4;09/01/2020;3.56;3.01;8.67;4.82;166;10;N;533;;;146;;
4;10/01/2020;3.75;3.08;8.71;4.87;168;11;N;535;;;152;;
4;11/01/2020;3.68;3.1;8.77;4.91;123;10;N;537;;;168;;
4;12/01/2020;3.57;3.05;8.61;4.84;113;8;N;528;;;142;;
4;01/01/2021;3.41;2.93;8.54;4.84;161;8;N;529;;;72;;
4;02/01/2021;3.52;3;8.66;4.85;147;8;N;531;;;118;;
5;01/01/2020;3.6;3.32;9;4.86;498;17;N;523;;;165;;
5;02/01/2020;3.54;3.31;8.99;4.85;505;13;N;521;;;141;;
5;03/01/2020;3.61;3.32;8.93;4.84;422;20;N;521;;;171;;
5;04/01/2020;3.53;3.27;8.89;4.79;331;15;N;522;;;161;;
5;05/01/2020;3.55;3.28;8.95;4.84;186;11;N;525;;;155;;
5;06/01/2020;3.6;3.3;8.98;4.88;233;12;N;523;;;118;;
5;07/01/2020;3.61;3.31;8.97;4.9;445;24;N;523;;;164;;
5;08/01/2020;3.52;3.29;8.92;4.84;422;13;N;522;;;157;;
5;09/01/2020;3.56;3.34;8.96;4.87;293;20;N;520;;;189;;
5;10/01/2020;3.73;3.38;8.96;4.93;424;15;N;521;;;204;;
5;11/01/2020;3.7;3.31;8.87;4.83;357;27;N;524;;;220;;
5;12/01/2020;3.67;3.37;8.91;4.83;378;16;N;520;;;187;;
5;01/01/2021;3.94;3.4;9;4.93;577;22;N;519;;;172;;
5;02/01/2021;3.65;3.35;9;4.95;439;72;N;523;;;100;;
6;01/01/2020;3.95;3.4;8.97;4.77;432;21;N;531;;;253;;
6;02/01/2020;3.82;3.26;8.82;4.78;299;22;N;532;;;236;;
6;03/01/2020;3.73;3.21;8.82;4.86;381;53;N;530;;;203;;
6;04/01/2020;3.52;3.12;8.75;4.82;508;33;N;532;;;204;;
6;05/01/2020;3.71;3.21;8.77;4.86;253;38;N;536;;;251;;
6;06/01/2020;3.77;3.27;8.81;4.85;210;48;N;528;;;173;;
6;07/01/2020;3.59;3.27;8.93;4.96;212;44;N;533;;;164;;
7;01/01/2020;3.91;3.25;8.75;4.71;600;25;N;522;;;226;;
7;02/01/2020;3.88;3.26;8.76;4.75;267;19;N;520;;;232;;
7;03/01/2020;3.79;3.18;8.63;4.64;284;23;N;520;;;215;;
7;04/01/2020;3.96;3.35;8.81;4.75;538;27;N;531;;;213;;
7;05/01/2020;3.73;3.31;8.76;4.73;355;19;N;520;;;233;;
7;06/01/2020;3.92;3.29;8.74;4.68;298;51;N;521;;;283;;
7;07/01/2020;3.97;3.25;8.7;4.68;405;22;N;522;;;237;;
7;08/01/2020;3.89;3.29;8.78;4.76;282;22;N;525;;;278;;
7;09/01/2020;3.78;3.26;8.66;4.68;286;18;N;521;;;264;;
7;10/01/2020;3.91;3.28;8.7;4.67;285;23;N;520;;;281;;
7;11/01/2020;3.68;3.29;8.69;4.7;452;25;N;522;;;254;;
7;12/01/2020;3.81;3.22;8.67;4.73;456;16;N;515;;;287;;
7;01/01/2021;3.96;3.21;8.76;4.83;239;20;N;522;;;172;;
7;02/01/2021;3.86;3.1;8.57;4.79;259;13;N;509;;;152;;
8;01/01/2020;3.74;3.08;8.74;4.94;105;21;N;530;;;256;;
8;02/01/2020;3.63;3.05;8.62;4.87;123;17;N;525;;;281;;
8;03/01/2020;3.67;3.03;8.58;4.86;103;13;N;522;;;284;;
8;04/01/2020;3.73;3.05;8.68;4.89;57;9;N;526;;;262;;
8;05/01/2020;3.85;3.18;8.77;4.82;85;13;N;527;;;257;;
8;06/01/2020;4.03;3.29;8.89;4.86;76;18;N;528;;;271;;
8;07/01/2020;3.97;3.22;8.78;4.79;87;12;N;525;;;308;;
8;08/01/2020;3.9;3.19;8.77;4.84;128;15;N;531;;;231;;
8;09/01/2020;3.9;3.16;8.71;4.86;115;14;N;532;;;262;;
8;10/01/2020;3.71;3;8.6;4.78;40;11;N;528;;;271;;
8;11/01/2020;3.67;3.09;8.61;4.81;119;13;N;526;;;236;;
8;12/01/2020;3.63;3.02;8.57;4.78;109;32;N;523;;;219;;
8;01/01/2021;3.81;3.05;8.71;4.96;82;12;N;528;;;216;;
8;02/01/2021;3.74;3.05;8.66;4.94;54;10;N;529;;;259;;
9;01/01/2020;3.56;3.14;8.67;4.81;456;36;N;521;;;130;;
9;02/01/2020;3.47;3.14;8.6;4.72;281;26;N;517;;;169;;
9;03/01/2020;3.71;3.13;8.66;4.78;347;24;N;520;;;139;;
9;04/01/2020;3.54;2.99;8.54;4.76;359;48;N;514;;;77;;
9;05/01/2020;3.54;2.96;8.49;4.74;288;30;N;510;;;88;;
9;06/01/2020;3.52;3.06;8.6;4.8;250;45;N;522;;;171;;
9;07/01/2020;3.47;2.94;8.51;4.75;404;32;N;525;;;168;;
9;08/01/2020;3.44;2.91;8.38;4.72;270;27;N;514;;;132;;
9;09/01/2020;3.46;3.03;8.58;4.78;418;19;N;531;;;180;;
9;10/01/2020;3.65;3.2;8.66;4.67;483;70;N;523;;;170;;
9;11/01/2020;3.71;3.16;8.57;4.69;722;33;N;520;;;156;;
9;12/01/2020;3.73;3.13;8.59;4.75;526;29;N;520;;;130;;
9;01/01/2021;3.67;3.12;8.63;4.84;636;15;N;520;;;121;;
10;01/01/2020;4.06;3.24;8.84;4.76;162;12;N;532;;;218;;
10;02/01/2020;4.22;3.38;8.99;4.95;221;10;N;530;;;216;;
10;03/01/2020;4.1;3.29;8.87;4.83;134;10;N;524;;;212;;
10;04/01/2020;4.08;3.2;8.81;4.76;133;12;N;529;;;219;;
10;05/01/2020;4.13;3.31;8.91;4.88;91;11;N;523;;;212;;
10;06/01/2020;4.01;3.21;8.78;4.76;117;18;N;523;;;199;;
10;07/01/2020;4.08;3.26;8.91;4.89;87;12;N;529;;;219;;
10;08/01/2020;4;3.24;8.84;4.87;91;10;N;523;;;214;;
10;09/01/2020;3.96;3.29;8.92;4.95;101;8;N;529;;;218;;
10;10/01/2020;4;3.21;8.82;4.85;140;8;N;526;;;217;;
10;11/01/2020;4.06;3.2;8.76;4.8;113;10;N;526;;;197;;
10;12/01/2020;3.87;3.15;8.68;4.77;80;10;N;523;;;211;;
10;01/01/2021;4.02;3.3;8.87;4.89;79;10;N;524;;;131;;
10;02/01/2021;4;3.26;8.86;4.92;83;8;N;523;;;211;;
11;01/01/2020;3.62;3.12;8.79;4.91;59;8;N;520;;;169;;
11;02/01/2020;3.83;3.38;8.98;4.8;445;11;N;530;;;195;;
11;03/01/2020;3.61;3.33;8.93;4.73;354;17;N;526;;;147;;
11;04/01/2020;3.4;3.16;8.76;4.7;276;12;N;527;;;170;;
11;05/01/2020;3.34;3.1;8.69;4.76;105;12;N;524;;;146;;
11;06/01/2020;3.81;3.1;8.65;4.78;1332;13;N;521;;;165;;
11;07/01/2020;3.62;3.09;8.68;4.82;1038;11;N;528;;;147;;
11;08/01/2020;3.41;3.09;8.62;4.77;297;9;N;523;;;192;;
11;09/01/2020;3.66;3.09;8.65;4.78;156;11;N;525;;;212;;
11;10/01/2020;3.48;3.12;8.66;4.78;146;10;N;525;;;192;;
11;11/01/2020;3.51;3.06;8.61;4.81;700;8;N;520;;;153;;
11;12/01/2020;3.48;3.03;8.65;4.86;569;9;N;523;;;115;;
11;01/01/2021;3.52;3.17;8.73;4.89;218;9;N;522;;;146;;
12;01/01/2020;3.77;3.23;8.67;4.66;157;50;N;528;;;101;;
12;02/01/2020;3.68;3.16;8.54;4.57;163;82;N;522;;;143;;
12;03/01/2020;3.91;3.27;8.67;4.69;149;10;N;523;;;132;;
12;04/01/2020;3.7;3.17;8.63;4.7;126;12;N;528;;;118;;
12;05/01/2020;3.77;3.17;8.63;4.72;118;15;N;528;;;108;;
12;06/01/2020;3.63;3.07;8.52;4.64;131;22;N;519;;;141;;
12;07/01/2020;3.73;3.25;8.63;4.71;155;55;N;530;;;368;;
12;08/01/2020;3.8;3.1;8.53;4.64;208;10;N;526;;;160;;
12;09/01/2020;3.8;1.21;8.66;4.75;115;14;N;528;;;140;;
12;10/01/2020;3.77;3.14;8.56;4.72;104;15;N;525;;;236;;
12;11/01/2020;3.72;3.06;8.56;4.78;120;22;N;528;;;100;;
12;12/01/2020;3.63;3.08;8.52;4.78;90;26;N;521;;;137;;
13;01/01/2020;3.68;3.13;8.8;4.83;226;23;N;527;;;155;;
13;02/01/2020;3.64;3.16;8.83;4.89;125;21;N;527;;;151;;
13;03/01/2020;3.51;3.11;8.76;4.83;234;25;N;532;;;104;;
13;04/01/2020;3.57;3.18;8.81;4.88;344;22;N;530;;;169;;
13;05/01/2020;3.59;3.08;8.74;4.82;355;18;N;524;;;143;;
13;06/01/2020;3.53;3.09;8.73;4.85;267;19;N;525;;;121;;
13;07/01/2020;3.42;3.11;8.71;4.81;351;17;N;523;;;183;;
13;08/01/2020;3.58;1.15;8.8;4.88;188;22;N;526;;;178;;
13;09/01/2020;3.62;3.17;8.81;4.95;226;19;N;535;;;202;;
13;10/01/2020;3.52;3.06;8.62;4.82;143;21;N;527;;;178;;
13;11/01/2020;3.58;3.01;8.57;4.78;121;18;N;523;;;177;;
13;12/01/2020;3.62;3.12;8.64;4.87;189;19;N;523;;;210;;
13;01/01/2021;3.72;3.18;8.79;4.96;242;20;N;531;;;161;;
13;02/01/2021;3.54;3.16;8.82;4.98;229;15;N;530;;;166;;
14;01/01/2020;3.87;3.1;8.57;0.79;136;15;N;527;;;234;;
14;02/01/2020;3.61;2.93;8.45;4.77;129;24;N;526;;;197;;
14;03/01/2020;3.48;2.9;8.42;4.71;120;23;N;527;;;160;;
14;04/01/2020;3.67;3.04;8.59;4.82;109;36;N;530;;;161;;
14;05/01/2020;3.61;2.95;8.42;4.7;176;67;N;528;;;156;;
14;06/01/2020;3.44;3;8.48;4.72;144;34;N;524;;;167;;
14;07/01/2020;3.57;3;8.51;4.79;131;16;N;526;;;181;;
14;08/01/2020;3.54;3;8.46;4.75;80;20;N;521;;;182;;
14;09/01/2020;3.45;2.9;8.33;4.67;93;16;N;524;;;100;;
14;10/01/2020;3.34;2.95;8.36;4.69;152;27;N;523;;;158;;
14;11/01/2020;3.5;3;8.44;4.73;105;48;N;525;;;135;;
14;12/01/2020;3.52;3.03;8.38;4.69;142;8;N;523;;;146;;
14;01/01/2021;3.35;2.98;8.42;4.71;184;12;N;522;;;95;;
14;02/01/2021;3.37;3.05;8.56;4.86;211;14;N;524;;;113;;
15;01/01/2020;3.72;3.11;8.45;4.62;386;12;N;526;;;266;;
15;02/01/2020;3.71;2.99;8.31;0.53;280;44;N;520;;;263;;
15;03/01/2020;3.69;3.04;8.36;4.58;243;11;N;522;;;229;;
15;04/01/2020;3.68;3.1;8.38;4.55;272;8;N;521;;;242;;
15;05/01/2020;3.58;3.03;7.96;0.54;238;10;N;521;;;235;;
15;06/01/2020;3.75;3.26;8.62;4.67;224;9;N;524;;;243;;
15;07/01/2020;3.7;3.12;8.49;4.6;252;12;N;525;;;242;;
15;08/01/2020;3.75;3.13;8.55;0.65;242;11;N;528;;;217;;
15;09/01/2020;3.78;3.1;8.46;4.62;302;12;N;529;;;212;;
15;10/01/2020;3.75;3.08;8.44;4.61;336;8;N;525;;;228;;
15;11/01/2020;3.8;3.14;8.12;4.67;193;8;N;523;;;236;;
15;12/01/2020;3.73;3.02;8.31;4.54;264;10;N;523;;;231;;
15;01/01/2021;3.72;3.07;8.43;4.61;226;8;N;523;;;209;;
15;02/01/2021;3.88;3.12;8.55;4.78;236;9;N;526;;;198;;
16;01/01/2020;3.75;3.34;8.87;4.86;278;35;N;522;;;293;;
16;02/01/2020;3.55;3.29;8.77;4.77;286;49;N;518;;;291;;
16;03/01/2020;3.67;3.33;8.87;4.84;317;39;N;522;;;269;;
16;04/01/2020;3.55;3.24;8.72;4.67;277;37;N;524;;;291;;
16;05/01/2020;3.61;3.26;8.77;4.74;284;96;N;521;;;266;;
16;06/01/2020;3.59;3.24;8.79;4.72;292;35;N;525;;;263;;
16;07/01/2020;3.65;3.27;8.82;4.77;251;35;N;524;;;269;;
16;08/01/2020;3.58;3.33;8.88;4.86;232;60;N;526;;;313;;
16;09/01/2020;3.44;3.2;8.71;4.7;272;69;N;528;;;292;;
16;10/01/2020;3.64;3.31;8.77;4.81;255;35;N;522;;;284;;
16;11/01/2020;3.61;3.27;8.72;4.74;287;44;N;522;;;309;;
16;12/01/2020;3.5;3.19;8.61;4.65;294;34;N;519;;;304;;
16;01/01/2021;3.58;3.3;8.74;4.77;306;38;N;519;;;241;;
16;02/01/2021;3.73;3.37;8.88;4.87;230;12;N;524;;;242;;
17;01/01/2020;3.81;3.26;8.94;4.88;173;9;N;525;;;145;;
17;02/01/2020;3.78;3.26;8.94;4.95;222;13;N;528;;;163;;
17;03/01/2020;3.65;3.17;8.84;4.89;215;14;N;527;;;108;;
17;04/01/2020;3.64;3.19;8.9;4.9;244;9;N;527;;;142;;
17;05/01/2020;3.53;3.17;8.85;4.84;213;8;N;521;;;145;;
17;06/01/2020;3.61;3.24;8.92;4.9;242;9;N;525;;;149;;
17;07/01/2020;3.59;3.24;8.96;4.88;237;10;N;526;;;121;;
17;08/01/2020;3.72;3.3;9;4.96;173;9;N;526;;;219;;
17;09/01/2020;3.71;3.21;8.89;4.93;227;11;N;530;;;200;;
17;10/01/2020;3.76;3.2;8.83;4.94;162;67;N;526;;;180;;
17;11/01/2020;3.82;3.28;9;4.99;172;12;N;532;;;211;;
17;12/01/2020;3.66;3.15;8.79;4.83;126;11;N;526;;;200;;
17;01/01/2021;3.83;3.27;8.96;4.98;159;21;N;529;;;153;;
17;02/01/2021;3.76;3.24;8.97;5.03;141;11;N;527;;;144;;
18;01/01/2020;3.63;3.08;8.48;4.67;388;33;N;519;;;219;;
18;02/01/2020;3.52;3.01;8.44;4.69;339;44;N;520;;;172;;
18;03/01/2020;3.8;3.05;8.48;4.7;412;44;N;525;;;175;;
18;04/01/2020;3.74;3.03;8.46;4.69;468;56;N;520;;;163;;
18;05/01/2020;3.69;2.97;8.4;4.66;396;39;N;522;;;161;;
18;06/01/2020;3.84;2.98;8.44;4.66;327;51;N;520;;;128;;
18;07/01/2020;3.79;2.96;8.43;4.66;307;30;N;532;;;170;;
18;08/01/2020;3.69;3.01;8.42;4.7;279;38;N;528;;;156;;
18;09/01/2020;3.66;2.99;8.38;4.68;271;51;N;520;;;149;;
18;10/01/2020;3.7;3.06;8.49;4.76;268;37;N;524;;;185;;
18;11/01/2020;3.63;2.94;8.25;4.57;301;31;N;519;;;195;;
18;12/01/2020;3.67;3.06;8.47;4.76;377;32;N;525;;;121;;
18;01/01/2021;3.64;3.01;8.39;4.73;301;47;N;508;;;128;;
19;01/01/2020;3.96;2.99;8.53;4.74;234;29;N;525;;;156;;
19;02/01/2020;3.98;3.03;8.48;4.73;244;17;N;519;;;154;;
19;03/01/2020;3.8;2.88;8.3;4.61;268;15;N;522;;;136;;
19;04/01/2020;3.98;3.02;8.5;4.72;212;20;N;526;;;145;;
19;05/01/2020;3.73;2.98;8.49;4.74;249;13;N;525;;;137;;
19;06/01/2020;3.8;2.99;8.49;4.74;240;19;N;526;;;169;;
19;07/01/2020;3.82;2.96;8.42;4.72;317;20;N;526;;;164;;
19;08/01/2020;3.73;2.94;8.39;4.68;304;19;N;527;;;163;;
19;09/01/2020;3.66;2.89;8.34;4.67;327;28;N;527;;;216;;
19;10/01/2020;3.82;2.97;8.38;4.7;329;26;N;527;;;220;;
19;11/01/2020;3.85;2.96;8.41;4.69;283;24;N;526;;;149;;
19;12/01/2020;3.88;3.02;8.52;4.77;227;13;N;528;;;176;;
19;01/01/2021;3.78;2.94;8.52;4.77;249;15;N;530;;;108;;
19;02/01/2021;3.74;2.93;8.47;4.77;352;22;N;528;;;152;;
20;01/01/2020;3.77;3.44;9.02;4.87;981;63;N;523;;;231;;
20;02/01/2020;3.79;3.45;9.04;4.9;830;32;N;519;;;216;;
20;03/01/2020;3.73;3.37;9;4.88;700;33;N;529;;;173;;
20;04/01/2020;3.76;3.34;8.94;4.81;871;27;N;522;;;196;;
20;05/01/2020;3.68;3.27;8.85;4.72;693;33;N;522;;;208;;
20;06/01/2020;3.72;3.26;8.88;4.75;778;39;N;524;;;205;;
20;07/01/2020;3.79;3.4;8.99;4.89;660;23;N;521;;;186;;
20;08/01/2020;3.53;3.39;9.01;4.88;707;55;N;529;;;215;;
20;09/01/2020;3.6;3.4;8.97;4.9;784;39;N;525;;;249;;
20;10/01/2020;3.68;3.33;8.86;4.81;927;49;N;525;;;241;;
20;11/01/2020;3.77;3.37;8.96;4.88;786;51;N;524;;;226;;
20;12/01/2020;3.72;3.46;8.99;4.87;928;50;N;523;;;219;;
20;01/01/2021;3.57;3.44;9.01;4.91;796;28;N;520;;;180;;
20;02/01/2021;3.57;3.44;9.07;4.92;786;45;N;520;;;183;;
21;01/01/2020;4.19;3.19;8.73;4.19;692;20;N;529;;;188;;
21;02/01/2020;4;3.08;8.58;4.72;563;18;N;523;;;203;;
21;03/01/2020;3.98;3.09;8.5;4.71;652;19;N;519;;;203;;
21;04/01/2020;4.04;3.14;8.65;4.76;633;19;N;525;;;161;;
21;05/01/2020;4.06;3.04;8.53;4.66;711;40;N;527;;;163;;
21;06/01/2020;4.11;3.01;8.51;4.68;663;62;N;525;;;178;;
21;07/01/2020;4.01;3.06;8.53;4.71;751;87;N;519;;;173;;
21;08/01/2020;4.25;3.1;8.57;4.79;666;19;N;524;;;183;;
21;09/01/2020;4.03;3.06;8.46;4.71;532;16;N;524;;;170;;
21;10/01/2020;4.1;3.05;8.44;4.62;472;19;N;526;;;180;;
21;11/01/2020;4.07;3.04;8.43;4.66;536;19;N;530;;;184;;
21;12/01/2020;4.13;3.14;8.59;4.77;490;16;N;527;;;185;;
21;01/01/2021;4.15;3.18;8.67;4.86;456;22;N;525;;;138;;
21;02/01/2021;4.05;3.06;8.52;4.73;389;13;N;524;;;172;;
22;01/01/2020;3.85;3.19;8.7;4.73;260;10;N;533;;;218;;
22;02/01/2020;3.79;3.15;8.65;4.75;177;13;N;530;;;173;;
22;03/01/2020;3.72;3.16;8.73;4.77;235;15;N;538;;;193;;
22;04/01/2020;3.88;3.33;8.8;4.89;210;13;N;532;;;247;;
22;05/01/2020;3.74;3.09;8.64;4.69;298;16;N;531;;;182;;
22;06/01/2020;3.86;3.1;8.66;4.71;284;17;N;532;;;174;;
22;07/01/2020;3.94;3.18;8.74;4.8;138;10;N;532;;;154;;
22;08/01/2020;3.88;3.07;8.59;4.71;114;15;N;535;;;161;;
22;09/01/2020;3.93;3.1;8.58;4.76;98;15;N;529;;;210;;
22;10/01/2020;3.83;3;8.51;4.69;195;18;N;534;;;208;;
22;11/01/2020;3.8;3.1;8.64;4.81;218;17;N;537;;;153;;
22;12/01/2020;3.76;3.11;8.68;4.83;356;17;N;535;;;133;;
22;01/01/2021;3.54;3.09;8.69;4.84;269;20;N;540;;;164;;
22;02/01/2021;3.73;3.03;8.58;4.78;482;20;N;534;;;174;;
23;01/01/2020;3.96;3.28;8.94;4.87;148;12;N;521;;;131;;
23;02/01/2020;3.87;3.19;8.82;4.81;159;14;N;520;;;149;;
23;03/01/2020;3.96;3.22;8.86;4.86;138;17;N;519;;;121;;
23;04/01/2020;4;3.31;8.93;4.98;123;24;N;520;;;189;;
23;05/01/2020;3.95;3.25;8.93;4.94;111;45;N;518;;;124;;
23;06/01/2020;3.91;3.12;8.76;4.81;152;17;N;519;;;170;;
23;07/01/2020;3.87;3.16;8.82;4.86;315;54;N;523;;;155;;
23;08/01/2020;3.8;3.11;8.7;4.77;158;29;N;517;;;169;;
23;09/01/2020;3.87;3.18;8.76;4.88;229;41;N;523;;;195;;
23;10/01/2020;3.8;3.16;8.75;4.87;153;50;N;526;;;200;;
23;11/01/2020;3.87;3.18;8.75;4.82;153;65;N;521;;;168;;
23;12/01/2020;3.98;3.14;8.77;4.87;206;51;N;519;;;167;;
23;01/01/2021;3.89;3.12;8.79;4.9;191;52;N;519;;;107;;
23;02/01/2021;3.82;3.06;8.68;4.86;282;61;N;520;;;154;;
24;01/01/2020;3.86;3.05;8.48;4.75;138;13;N;526;;;327;;
24;02/01/2020;3.73;2.91;8.3;4.66;177;10;N;521;;;248;;
24;03/01/2020;3.64;2.91;8.26;4.64;154;20;N;524;;;298;;
24;04/01/2020;7.75;2.97;8.3;4.7;134;15;N;523;;;323;;
24;05/01/2020;3.67;2.86;8.29;4.62;165;14;N;523;;;266;;
24;06/01/2020;3.73;2.92;8.31;4.67;151;17;N;524;;;274;;
24;07/01/2020;3.73;2.95;8.3;4.65;159;19;N;523;;;281;;
24;08/01/2020;3.69;2.88;8.27;4.6;159;15;N;528;;;262;;
24;09/01/2020;3.71;3.02;8.35;4.67;308;18;N;531;;;317;;
24;10/01/2020;3.78;3.01;8.35;4.64;331;17;N;529;;;264;;
24;11/01/2020;3.64;2.97;8.31;4.63;370;17;N;526;;;254;;
24;12/01/2020;3.66;2.99;8.41;4.75;254;13;N;526;;;235;;
24;01/01/2021;3.81;3;8.45;4.76;268;16;N;527;;;209;;
24;02/01/2021;3.58;2.9;8.32;4.69;246;26;N;526;;;216;;
25;01/01/2020;3.96;3.45;9.15;4.95;422;57;N;525;;;215;;
25;02/01/2020;3.91;3.44;9.08;4.94;349;45;N;518;;;209;;
25;03/01/2020;3.77;3.33;9.03;4.87;318;973;N;524;;;214;;
25;04/01/2020;3.96;3.35;8.98;4.86;413;917;N;520;;;210;;
25;05/01/2020;3.75;3.38;9.06;4.91;340;12;N;524;;;180;;
25;06/01/2020;3.88;3.37;9.05;4.89;491;20;N;522;;;212;;
25;07/01/2020;3.82;3.36;9.02;4.85;509;26;N;524;;;214;;
25;08/01/2020;4.03;3.4;9.07;4.88;472;10;N;526;;;197;;
25;09/01/2020;3.97;3.47;9.11;4.99;502;58;N;526;;;216;;
25;10/01/2020;3.98;3.44;9.06;4.91;470;46;N;526;;;168;;
25;11/01/2020;3.88;3.38;9.04;4.9;422;39;N;527;;;166;;
25;12/01/2020;4.02;3.5;9.21;5.05;418;15;N;524;;;169;;
25;01/01/2021;3.93;3.4;9.17;4.99;294;12;N;527;;;173;;
25;02/01/2021;3.92;3.43;9.14;5;406;9;N;523;;;168;;
26;01/01/2020;3.85;3.12;8.63;4.78;182;15;N;532;;;229;;
26;02/01/2020;3.87;3.06;8.47;4.74;315;14;N;527;;;277;;
26;03/01/2020;4.17;1.15;8.57;4.68;429;15;N;531;;;270;;
26;04/01/2020;4.04;3.06;8.52;4.7;259;15;N;532;;;255;;
26;05/01/2020;3.86;2.95;8.39;4.65;190;9;N;527;;;235;;
26;06/01/2020;4;3.04;8.49;4.72;369;12;N;531;;;199;;
26;07/01/2020;3.76;2.92;8.29;4.56;559;23;N;523;;;167;;
26;08/01/2020;3.91;3.14;8.56;4.66;506;58;N;533;;;202;;
26;09/01/2020;3.94;3.22;8.63;4.67;301;16;N;537;;;281;;
26;10/01/2020;4.13;3.12;8.53;4.68;188;23;N;536;;;271;;
26;11/01/2020;4.23;3.24;8.7;4.81;178;10;N;528;;;189;;
26;12/01/2020;4.12;3.06;8.55;4.74;272;18;N;529;;;181;;
26;01/01/2021;4.01;3.04;8.63;4.86;124;263;N;536;;;121;;
26;02/01/2021;4.13;3.05;8.57;4.85;161;104;N;531;;;175;;
1;02/01/2019;3.53;3.30;8.84;4.81;145;9;N;523;;;249;;
1;03/01/2019;3.53;3.35;8.88;4.88;115;9;N;522;;;246;;
1;04/01/2019;3.60;3.28;8.81;4.81;114;9;N;525;;;225;;
1;05/01/2019;3.43;3.15;8.64;4.69;123;13;N;523;;;256;;
1;06/01/2019;3.58;3.21;8.73;4.77;120;11;N;522;;;232;;
1;07/01/2019;3.42;3.08;8.64;4.65;94;10;N;521;;;172;;
1;08/01/2019;3.54;3.20;8.76;4.75;110;8;N;524;;;225;;
1;09/01/2019;3.47;3.20;8.73;4.76;98;8;N;525;;;208;;
1;10/01/2019;3.45;3.08;8.64;4.69;87;9;N;529;;;235;;
1;11/01/2019;3.52;3.15;8.65;4.72;115;7;N;521;;;222;;
1;12/01/2019;3.47;3.11;8.56;4.66;97;12;N;525;;;236;;
1;01/01/2020;3.54;3.21;8.76;4.84;81;10;N;526;;;160;;
1;02/01/2020;3.48;3.17;8.71;4.83;83;8;N;520;;;207;;
2;01/01/2019;3.75;3.20;8.76;4.76;97;22;N;525;;;264;;
2;02/01/2019;3.67;3.08;8.61;4.70;149;25;N;526;;;214;;
2;03/01/2019;3.61;3.01;8.56;4.73;105;25;N;530;;;143;;
2;04/01/2019;3.54;3.11;8.67;4.73;161;27;N;531;;;182;;
2;05/01/2019;3.67;3.16;8.70;4.80;169;20;N;525;;;164;;
2;06/01/2019;3.61;1.12;8.71;4.81;107;22;N;528;;;147;;
2;07/01/2019;3.63;3.16;8.75;4.85;148;37;N;532;;;130;;
2;08/01/2019;3.66;3.14;8.69;4.81;141;27;N;527;;;194;;
2;09/01/2019;3.57;3.09;8.59;4.72;167;41;N;529;;;152;;
2;10/01/2019;3.59;3.13;8.61;4.78;155;37;N;531;;;187;;
2;11/01/2019;3.70;3.26;8.73;4.85;149;33;N;528;;;216;;
2;12/01/2019;3.56;3.11;8.52;4.66;147;36;N;526;;;187;;
2;01/01/2020;3.57;3.24;8.72;4.87;137;38;N;530;;;148;;
2;02/01/2020;3.55;3.21;8.73;4.85;101;29;N;528;;;255;;
3;01/01/2019;3.88;3.37;9.08;4.92;250;12;N;528;;;192;;
3;02/01/2019;3.89;3.39;9.03;4.98;261;15;N;524;;;159;;
3;03/01/2019;3.61;3.35;9.06;4.97;218;9;N;528;;;128;;
3;04/01/2019;3.60;3.24;8.94;4.86;277;8;N;527;;;174;;
3;05/01/2019;3.72;3.32;9.02;4.91;281;10;N;522;;;180;;
3;06/01/2019;3.71;3.29;8.99;4.94;241;17;N;528;;;175;;
3;07/01/2019;3.74;3.31;8.92;4.95;233;8;N;519;;;152;;
3;08/01/2019;3.57;3.15;8.79;4.77;227;6;N;521;;;162;;
3;09/01/2019;3.60;3.25;8.88;4.88;399;11;N;532;;;206;;
3;10/01/2019;3.67;3.27;8.88;4.84;270;7;N;519;;;184;;
3;11/01/2019;3.62;3.30;8.93;4.91;319;8;N;523;;;140;;
3;12/01/2019;3.54;3.29;8.95;4.94;403;10;N;525;;;156;;
3;01/01/2020;3.50;3.18;8.94;4.93;340;9;N;527;;;90;;
3;02/01/2020;3.59;3.28;8.98;4.99;327;10;N;524;;;159;;
4;01/01/2019;3.59;3.04;8.69;4.79;143;9;N;529;;;139;;
4;02/01/2019;3.89;3.15;8.87;4.87;200;12;N;534;;;159;;
4;03/01/2019;3.74;3.15;8.81;4.90;249;9;N;531;;;92;;
4;04/01/2019;3.81;3.16;8.83;4.89;192;11;N;533;;;101;;
4;05/01/2019;3.83;3.19;8.87;4.88;159;13;N;534;;;112;;
4;06/01/2019;3.59;2.98;8.60;4.81;131;10;N;527;;;119;;
4;07/01/2019;3.91;3.14;8.86;4.98;230;10;N;534;;;80;;
4;08/01/2019;3.73;3.15;8.86;4.96;94;11;N;535;;;189;;
4;09/01/2019;3.61;3.06;8.72;4.87;167;11;N;534;;;147;;
4;10/01/2019;3.71;3.04;8.67;4.83;168;11;N;535;;;152;;
4;11/01/2019;3.68;3.10;8.77;4.91;124;11;N;538;;;169;;
4;12/01/2019;3.57;3.05;8.61;4.84;111;6;N;526;;;140;;
4;01/01/2020;3.33;2.85;8.46;4.76;159;6;N;527;;;70;;
4;02/01/2020;3.55;3.03;8.69;4.88;145;6;N;529;;;116;;
5;01/01/2019;3.58;3.30;8.98;4.84;500;19;N;525;;;167;;
5;02/01/2019;3.55;3.32;9.00;4.86;506;14;N;522;;;142;;
5;03/01/2019;3.58;3.29;8.90;4.81;420;18;N;519;;;169;;
5;04/01/2019;3.55;3.29;8.91;4.81;330;14;N;521;;;160;;
5;05/01/2019;3.51;3.24;8.91;4.80;185;10;N;524;;;154;;
5;06/01/2019;3.66;3.36;9.04;4.94;233;12;N;523;;;118;;
5;07/01/2019;3.64;3.34;9.00;4.93;443;22;N;521;;;162;;
5;08/01/2019;3.50;3.27;8.90;4.82;424;15;N;524;;;159;;
5;09/01/2019;3.52;3.30;8.92;4.83;291;18;N;518;;;187;;
5;10/01/2019;3.67;3.32;8.90;4.87;422;13;N;519;;;202;;
5;11/01/2019;3.73;3.34;8.90;4.86;358;28;N;525;;;221;;
5;12/01/2019;3.71;3.41;8.95;4.87;379;17;N;521;;;188;;
5;01/01/2020;3.98;3.44;9.04;4.97;578;23;N;520;;;173;;
5;02/01/2020;3.62;3.32;8.97;4.92;441;74;N;525;;;102;;
6;01/01/2019;3.99;3.44;9.01;4.81;433;22;N;532;;;254;;
6;02/01/2019;3.83;3.27;8.83;4.79;298;21;N;531;;;235;;
6;03/01/2019;3.68;3.16;8.77;4.81;381;53;N;530;;;203;;
6;04/01/2019;3.48;3.08;8.71;4.78;508;33;N;532;;;204;;
6;05/01/2019;3.65;3.15;8.71;4.80;253;38;N;536;;;251;;
6;06/01/2019;3.71;3.21;8.75;4.79;211;49;N;529;;;174;;
6;07/01/2019;3.61;3.29;8.95;4.98;214;46;N;535;;;166;;
7;01/01/2019;3.92;3.26;8.76;4.72;599;24;N;521;;;225;;
7;02/01/2019;3.88;3.26;8.76;4.75;267;19;N;520;;;232;;
7;03/01/2019;3.77;3.16;8.61;4.62;283;22;N;519;;;214;;
7;04/01/2019;4.02;3.41;8.87;4.81;539;28;N;532;;;214;;
7;05/01/2019;3.69;3.27;8.72;4.69;353;17;N;518;;;231;;
7;06/01/2019;3.94;3.31;8.76;4.70;299;52;N;522;;;284;;
7;07/01/2019;3.88;3.16;8.61;4.59;406;23;N;523;;;238;;
7;08/01/2019;3.89;3.29;8.78;4.76;283;23;N;526;;;279;;
7;09/01/2019;3.80;3.28;8.68;4.70;285;17;N;520;;;263;;
7;10/01/2019;3.91;3.28;8.70;4.67;285;23;N;520;;;281;;
7;11/01/2019;3.64;3.25;8.65;4.66;452;25;N;522;;;254;;
7;12/01/2019;3.77;3.18;8.63;4.69;456;16;N;515;;;287;;
7;01/01/2020;4.03;3.28;8.83;4.90;238;19;N;521;;;171;;
7;02/01/2020;3.90;3.14;8.61;4.83;261;15;N;511;;;154;;
8;01/01/2019;3.70;3.04;8.70;4.90;106;22;N;531;;;257;;
8;02/01/2019;3.59;3.01;8.58;4.83;122;16;N;524;;;280;;
8;03/01/2019;3.70;3.06;8.61;4.89;102;12;N;521;;;283;;
8;04/01/2019;3.70;3.02;8.65;4.86;59;11;N;528;;;264;;
8;05/01/2019;3.81;3.14;8.73;4.78;83;11;N;525;;;255;;
8;06/01/2019;3.97;3.23;8.83;4.80;75;17;N;527;;;270;;
8;07/01/2019;4.00;3.25;8.81;4.82;88;13;N;526;;;309;;
8;08/01/2019;3.87;3.16;8.74;4.81;129;16;N;532;;;232;;
8;09/01/2019;3.91;3.17;8.72;4.87;116;15;N;533;;;263;;
8;10/01/2019;3.65;2.94;8.54;4.72;42;13;N;530;;;273;;
8;11/01/2019;3.71;3.13;8.65;4.85;117;11;N;524;;;234;;
8;12/01/2019;3.65;3.04;8.59;4.80;111;34;N;525;;;221;;
8;01/01/2020;3.79;3.03;8.69;4.94;84;14;N;530;;;218;;
8;02/01/2020;3.77;3.08;8.69;4.97;54;10;N;529;;;259;;
9;01/01/2019;3.54;3.12;8.65;4.79;458;38;N;523;;;132;;
9;02/01/2019;3.48;3.15;8.61;4.73;282;27;N;518;;;170;;
9;03/01/2019;3.67;3.09;8.62;4.74;348;25;N;521;;;140;;
9;04/01/2019;3.63;3.08;8.63;4.85;357;46;N;512;;;75;;
9;05/01/2019;3.56;2.98;8.51;4.76;287;29;N;509;;;87;;
9;06/01/2019;3.52;3.06;8.60;4.80;248;43;N;520;;;169;;
9;07/01/2019;3.49;2.96;8.53;4.77;406;34;N;527;;;170;;
9;08/01/2019;3.40;2.87;8.34;4.68;272;29;N;516;;;134;;
9;09/01/2019;3.46;3.03;8.58;4.78;418;19;N;531;;;180;;
9;10/01/2019;3.65;3.20;8.66;4.67;482;69;N;522;;;169;;
9;11/01/2019;3.72;3.17;8.58;4.70;720;31;N;518;;;154;;
9;12/01/2019;3.77;3.17;8.63;4.79;527;30;N;521;;;131;;
9;01/01/2020;3.69;3.14;8.65;4.86;636;15;N;520;;;121;;
10;01/01/2019;4.09;3.27;8.87;4.79;160;10;N;530;;;216;;
10;02/01/2019;4.31;3.47;9.08;5.04;222;11;N;531;;;217;;
10;03/01/2019;4.13;3.32;8.90;4.86;133;9;N;523;;;211;;
10;04/01/2019;4.06;3.18;8.79;4.74;131;10;N;527;;;217;;
10;05/01/2019;4.14;3.32;8.92;4.89;89;9;N;521;;;210;;
10;06/01/2019;4.03;3.23;8.80;4.78;119;20;N;525;;;201;;
10;07/01/2019;4.05;3.23;8.88;4.86;89;14;N;531;;;221;;
10;08/01/2019;3.98;3.22;8.82;4.85;91;10;N;523;;;214;;
10;09/01/2019;3.97;3.30;8.93;4.96;102;9;N;530;;;219;;
10;10/01/2019;3.98;3.19;8.80;4.83;141;9;N;527;;;218;;
10;11/01/2019;4.08;3.22;8.78;4.82;114;11;N;527;;;198;;
10;12/01/2019;3.83;3.11;8.64;4.73;81;11;N;524;;;212;;
10;01/01/2020;4.00;3.28;8.85;4.87;81;12;N;526;;;133;;
10;02/01/2020;3.97;3.23;8.83;4.89;85;10;N;525;;;213;;
11;01/01/2019;3.67;3.17;8.84;4.96;61;10;N;522;;;171;;
11;02/01/2019;3.83;3.38;8.98;4.80;447;13;N;532;;;197;;
11;03/01/2019;3.66;3.38;8.98;4.78;354;17;N;526;;;147;;
11;04/01/2019;3.33;3.09;8.69;4.63;277;13;N;528;;;171;;
11;05/01/2019;3.32;3.08;8.67;4.74;106;13;N;525;;;147;;
11;06/01/2019;3.78;3.07;8.62;4.75;1334;15;N;523;;;167;;
11;07/01/2019;3.55;3.02;8.61;4.75;1038;11;N;528;;;147;;
11;08/01/2019;3.37;3.05;8.58;4.73;299;11;N;525;;;194;;
11;09/01/2019;3.66;3.09;8.65;4.78;158;13;N;527;;;214;;
11;10/01/2019;3.51;3.15;8.69;4.81;144;8;N;523;;;190;;
11;11/01/2019;3.58;3.13;8.68;4.88;701;9;N;521;;;154;;
11;12/01/2019;3.51;3.06;8.68;4.89;568;8;N;522;;;114;;
11;01/01/2020;3.52;3.17;8.73;4.89;218;9;N;522;;;146;;
12;01/01/2019;3.81;3.27;8.71;4.70;159;52;N;530;;;103;;
12;02/01/2019;3.74;3.22;8.60;4.63;165;84;N;524;;;145;;
12;03/01/2019;3.89;3.25;8.65;4.67;148;9;N;522;;;131;;
12;04/01/2019;3.73;3.20;8.66;4.73;127;13;N;529;;;119;;
12;05/01/2019;3.79;3.19;8.65;4.74;116;13;N;526;;;106;;
12;06/01/2019;3.62;3.06;8.51;4.63;133;24;N;521;;;143;;
12;07/01/2019;3.73;3.25;8.63;4.71;156;56;N;531;;;369;;
12;08/01/2019;3.85;3.15;8.58;4.69;210;12;N;528;;;162;;
12;09/01/2019;3.85;1.26;8.71;4.80;114;13;N;527;;;139;;
12;10/01/2019;3.78;3.15;8.57;4.73;106;17;N;527;;;238;;
12;11/01/2019;3.78;3.12;8.62;4.84;118;20;N;526;;;98;;
12;12/01/2019;3.61;3.06;8.50;4.76;91;27;N;522;;;138;;
13;01/01/2019;3.70;3.15;8.82;4.85;228;25;N;529;;;157;;
13;02/01/2019;3.57;3.09;8.76;4.82;123;19;N;525;;;149;;
13;03/01/2019;3.59;3.19;8.84;4.91;232;23;N;530;;;102;;
13;04/01/2019;3.61;3.22;8.85;4.92;342;20;N;528;;;167;;
13;05/01/2019;3.58;3.07;8.73;4.81;357;20;N;526;;;145;;
13;06/01/2019;3.44;3.00;8.64;4.76;266;18;N;524;;;120;;
13;07/01/2019;3.45;3.14;8.74;4.84;350;16;N;522;;;182;;
13;08/01/2019;3.56;1.13;8.78;4.86;188;22;N;526;;;178;;
13;09/01/2019;3.68;3.23;8.87;5.01;225;18;N;534;;;201;;
13;10/01/2019;3.50;3.04;8.60;4.80;143;21;N;527;;;178;;
13;11/01/2019;3.55;2.98;8.54;4.75;123;20;N;525;;;179;;
13;12/01/2019;3.65;3.15;8.67;4.90;188;18;N;522;;;209;;
13;01/01/2020;3.65;3.11;8.72;4.89;240;18;N;529;;;159;;
13;02/01/2020;3.51;3.13;8.79;4.95;228;14;N;529;;;165;;
14;01/01/2019;3.85;3.08;8.55;0.77;138;17;N;529;;;236;;
14;02/01/2019;3.66;2.98;8.50;4.82;128;23;N;525;;;196;;
14;03/01/2019;3.46;2.88;8.40;4.69;122;25;N;529;;;162;;
14;04/01/2019;3.75;3.12;8.67;4.90;107;34;N;528;;;159;;
14;05/01/2019;3.62;2.96;8.43;4.71;175;66;N;527;;;155;;
14;06/01/2019;3.44;3.00;8.48;4.72;146;36;N;526;;;169;;
14;07/01/2019;3.56;2.99;8.50;4.78;131;16;N;526;;;181;;
14;08/01/2019;3.61;3.07;8.53;4.82;78;18;N;519;;;180;;
14;09/01/2019;3.47;2.92;8.35;4.69;92;15;N;523;;;99;;
14;10/01/2019;3.32;2.93;8.34;4.67;150;25;N;521;;;156;;
14;11/01/2019;3.52;3.02;8.46;4.75;106;49;N;526;;;136;;
14;12/01/2019;3.49;3.00;8.35;4.66;141;7;N;522;;;145;;
14;01/01/2020;3.32;2.95;8.39;4.68;183;11;N;521;;;94;;
14;02/01/2020;3.41;3.09;8.60;4.90;211;14;N;524;;;113;;
15;01/01/2019;3.71;3.10;8.44;4.61;386;12;N;526;;;266;;
15;02/01/2019;3.76;3.04;8.36;0.58;280;44;N;520;;;263;;
15;03/01/2019;3.66;3.01;8.33;4.55;242;10;N;521;;;228;;
15;04/01/2019;3.70;3.12;8.40;4.57;273;9;N;522;;;243;;
15;05/01/2019;3.56;3.01;7.94;0.52;240;12;N;523;;;237;;
15;06/01/2019;3.70;3.21;8.57;4.62;225;10;N;525;;;244;;
15;07/01/2019;3.67;3.09;8.46;4.57;254;14;N;527;;;244;;
15;08/01/2019;3.75;3.13;8.55;0.65;242;11;N;528;;;217;;
15;09/01/2019;3.73;3.05;8.41;4.57;304;14;N;531;;;214;;
15;10/01/2019;3.68;3.01;8.37;4.54;334;6;N;523;;;226;;
15;11/01/2019;3.77;3.11;8.09;4.64;195;10;N;525;;;238;;
15;12/01/2019;3.72;3.01;8.30;4.53;262;8;N;521;;;229;;
15;01/01/2020;3.75;3.10;8.46;4.64;228;10;N;525;;;211;;
15;02/01/2020;3.82;3.06;8.49;4.72;237;10;N;527;;;199;;
16;01/01/2019;3.82;3.41;8.94;4.93;278;35;N;522;;;293;;
16;02/01/2019;3.59;3.33;8.81;4.81;285;48;N;517;;;290;;
16;03/01/2019;3.68;3.34;8.88;4.85;317;39;N;522;;;269;;
16;04/01/2019;3.53;3.22;8.70;4.65;278;38;N;525;;;292;;
16;05/01/2019;3.55;3.20;8.71;4.68;286;98;N;523;;;268;;
16;06/01/2019;3.53;3.18;8.73;4.66;293;36;N;526;;;264;;
16;07/01/2019;3.66;3.28;8.83;4.78;249;33;N;522;;;267;;
16;08/01/2019;3.59;3.34;8.89;4.87;234;62;N;528;;;315;;
16;09/01/2019;3.50;3.26;8.77;4.76;274;71;N;530;;;294;;
16;10/01/2019;3.68;3.35;8.81;4.85;254;34;N;521;;;283;;
16;11/01/2019;3.63;3.29;8.74;4.76;286;43;N;521;;;308;;
16;12/01/2019;3.46;3.15;8.57;4.61;296;36;N;521;;;306;;
16;01/01/2020;3.59;3.31;8.75;4.78;304;36;N;517;;;239;;
16;02/01/2020;3.68;3.32;8.83;4.82;231;13;N;525;;;243;;
17;01/01/2019;3.74;3.19;8.87;4.81;175;11;N;527;;;147;;
17;02/01/2019;3.80;3.28;8.96;4.97;223;14;N;529;;;164;;
17;03/01/2019;3.65;3.17;8.84;4.89;216;15;N;528;;;109;;
17;04/01/2019;3.69;3.24;8.95;4.95;246;11;N;529;;;144;;
17;05/01/2019;3.57;3.21;8.89;4.88;212;7;N;520;;;144;;
17;06/01/2019;3.65;3.28;8.96;4.94;241;8;N;524;;;148;;
17;07/01/2019;3.66;3.31;9.03;4.95;238;11;N;527;;;122;;
17;08/01/2019;3.70;3.28;8.98;4.94;172;8;N;525;;;218;;
17;09/01/2019;3.69;3.19;8.87;4.91;228;12;N;531;;;201;;
17;10/01/2019;3.74;3.18;8.81;4.92;160;65;N;524;;;178;;
17;11/01/2019;3.83;3.29;9.01;5.00;172;12;N;532;;;211;;
17;12/01/2019;3.74;3.23;8.87;4.91;126;11;N;526;;;200;;
17;01/01/2020;3.77;3.21;8.90;4.92;157;19;N;527;;;151;;
17;02/01/2020;3.76;3.24;8.97;5.03;140;10;N;526;;;143;;
18;01/01/2019;3.65;3.10;8.50;4.69;386;31;N;517;;;217;;
18;02/01/2019;3.46;2.95;8.38;4.63;341;46;N;522;;;174;;
18;03/01/2019;3.74;2.99;8.42;4.64;411;43;N;524;;;174;;
18;04/01/2019;3.70;2.99;8.42;4.65;466;54;N;518;;;161;;
18;05/01/2019;3.73;3.01;8.44;4.70;395;38;N;521;;;160;;
18;06/01/2019;3.80;2.94;8.40;4.62;325;49;N;518;;;126;;
18;07/01/2019;3.80;2.97;8.44;4.67;305;28;N;530;;;168;;
18;08/01/2019;3.68;3.00;8.41;4.69;280;39;N;529;;;157;;
18;09/01/2019;3.67;3.00;8.39;4.69;273;53;N;522;;;151;;
18;10/01/2019;3.71;3.07;8.50;4.77;266;35;N;522;;;183;;
18;11/01/2019;3.56;2.87;8.18;4.50;303;33;N;521;;;197;;
18;12/01/2019;3.66;3.05;8.46;4.75;375;30;N;523;;;119;;
18;01/01/2020;3.69;3.06;8.44;4.78;302;48;N;509;;;129;;
19;01/01/2019;3.98;3.01;8.55;4.76;234;29;N;525;;;156;;
19;02/01/2019;4.02;3.07;8.52;4.77;245;18;N;520;;;155;;
19;03/01/2019;3.78;2.86;8.28;4.59;270;17;N;524;;;138;;
19;04/01/2019;4.04;3.08;8.56;4.78;213;21;N;527;;;146;;
19;05/01/2019;3.80;3.05;8.56;4.81;250;14;N;526;;;138;;
19;06/01/2019;3.83;3.02;8.52;4.77;241;20;N;527;;;170;;
19;07/01/2019;3.85;2.99;8.45;4.75;318;21;N;527;;;165;;
19;08/01/2019;3.69;2.90;8.35;4.64;306;21;N;529;;;165;;
19;09/01/2019;3.71;2.94;8.39;4.72;328;29;N;528;;;217;;
19;10/01/2019;3.77;2.92;8.33;4.65;329;26;N;527;;;220;;
19;11/01/2019;3.88;2.99;8.44;4.72;281;22;N;524;;;147;;
19;12/01/2019;3.87;3.01;8.51;4.76;229;15;N;530;;;178;;
19;01/01/2020;3.77;2.93;8.51;4.76;248;14;N;529;;;107;;
19;02/01/2020;3.76;2.95;8.49;4.79;353;23;N;529;;;153;;
20;01/01/2019;3.77;3.44;9.02;4.87;979;61;N;521;;;229;;
20;02/01/2019;3.77;3.43;9.02;4.88;831;33;N;520;;;217;;
20;03/01/2019;3.73;3.37;9.00;4.88;699;32;N;528;;;172;;
20;04/01/2019;3.81;3.39;8.99;4.86;872;28;N;523;;;197;;
20;05/01/2019;3.61;3.20;8.78;4.65;691;31;N;520;;;206;;
20;06/01/2019;3.71;3.25;8.87;4.74;780;41;N;526;;;207;;
20;07/01/2019;3.78;3.39;8.98;4.88;660;23;N;521;;;186;;
20;08/01/2019;3.45;3.31;8.93;4.80;709;57;N;531;;;217;;
20;09/01/2019;3.55;3.35;8.92;4.85;786;41;N;527;;;251;;
20;10/01/2019;3.68;3.33;8.86;4.81;929;51;N;527;;;243;;
20;11/01/2019;3.80;3.40;8.99;4.91;787;52;N;525;;;227;;
20;12/01/2019;3.79;3.53;9.06;4.94;928;50;N;523;;;219;;
20;01/01/2020;3.63;3.50;9.07;4.97;795;27;N;519;;;179;;
20;02/01/2020;3.59;3.46;9.09;4.94;784;43;N;518;;;181;;
21;01/01/2019;4.25;3.25;8.79;4.25;690;18;N;527;;;186;;
21;02/01/2019;4.02;3.10;8.60;4.74;565;20;N;525;;;205;;
21;03/01/2019;3.98;3.09;8.50;4.71;651;18;N;518;;;202;;
21;04/01/2019;4.07;3.17;8.68;4.79;632;18;N;524;;;160;;
21;05/01/2019;4.08;3.06;8.55;4.68;710;39;N;526;;;162;;
21;06/01/2019;4.10;3.00;8.50;4.67;663;62;N;525;;;178;;
21;07/01/2019;4.01;3.06;8.53;4.71;749;85;N;517;;;171;;
21;08/01/2019;4.28;3.13;8.60;4.82;668;21;N;526;;;185;;
21;09/01/2019;4.03;3.06;8.46;4.71;533;17;N;525;;;171;;
21;10/01/2019;4.14;3.09;8.48;4.66;470;17;N;524;;;178;;
21;11/01/2019;4.03;3.00;8.39;4.62;538;21;N;532;;;186;;
21;12/01/2019;4.14;3.15;8.60;4.78;488;14;N;525;;;183;;
21;01/01/2020;4.11;3.14;8.63;4.82;458;24;N;527;;;140;;
21;02/01/2020;4.05;3.06;8.52;4.73;387;11;N;522;;;170;;
22;01/01/2019;3.86;3.20;8.71;4.74;261;11;N;534;;;219;;
22;02/01/2019;3.76;3.12;8.62;4.72;175;11;N;528;;;171;;
22;03/01/2019;3.68;3.12;8.69;4.73;234;14;N;537;;;192;;
22;04/01/2019;3.87;3.32;8.79;4.88;208;11;N;530;;;245;;
22;05/01/2019;3.80;3.15;8.70;4.75;298;16;N;531;;;182;;
22;06/01/2019;3.86;3.10;8.66;4.71;285;18;N;533;;;175;;
22;07/01/2019;3.91;3.15;8.71;4.77;137;9;N;531;;;153;;
22;08/01/2019;3.92;3.11;8.63;4.75;114;15;N;535;;;161;;
22;09/01/2019;3.90;3.07;8.55;4.73;98;15;N;529;;;210;;
22;10/01/2019;3.90;3.07;8.58;4.76;195;18;N;534;;;208;;
22;11/01/2019;3.85;3.15;8.69;4.86;220;19;N;539;;;155;;
22;12/01/2019;3.77;3.12;8.69;4.84;356;17;N;535;;;133;;
22;01/01/2020;3.64;3.19;8.79;4.94;267;18;N;538;;;162;;
22;02/01/2020;3.80;3.10;8.65;4.85;481;19;N;533;;;173;;
23;01/01/2019;3.88;3.20;8.86;4.79;148;12;N;521;;;131;;
23;02/01/2019;3.93;3.25;8.88;4.87;158;13;N;519;;;148;;
23;03/01/2019;3.95;3.21;8.85;4.85;140;19;N;521;;;123;;
23;04/01/2019;4.02;3.33;8.95;5.00;121;22;N;518;;;187;;
23;05/01/2019;3.95;3.25;8.93;4.94;109;43;N;516;;;122;;
23;06/01/2019;3.96;3.17;8.81;4.86;154;19;N;521;;;172;;
23;07/01/2019;3.84;3.13;8.79;4.83;317;56;N;525;;;157;;
23;08/01/2019;3.77;3.08;8.67;4.74;157;28;N;516;;;168;;
23;09/01/2019;3.84;3.15;8.73;4.85;231;43;N;525;;;197;;
23;10/01/2019;3.77;3.13;8.72;4.84;153;50;N;526;;;200;;
23;11/01/2019;3.80;3.11;8.68;4.75;151;63;N;519;;;166;;
23;12/01/2019;3.98;3.14;8.77;4.87;205;50;N;518;;;166;;
23;01/01/2020;3.90;3.13;8.80;4.91;192;53;N;520;;;108;;
23;02/01/2020;3.79;3.03;8.65;4.83;284;63;N;522;;;156;;
24;01/01/2019;3.89;3.08;8.51;4.78;138;13;N;526;;;327;;
24;02/01/2019;3.74;2.92;8.31;4.67;176;9;N;520;;;247;;
24;03/01/2019;3.58;2.85;8.20;4.58;152;18;N;522;;;296;;
24;04/01/2019;7.78;3.00;8.33;4.73;134;15;N;523;;;323;;
24;05/01/2019;3.67;2.86;8.29;4.62;166;15;N;524;;;267;;
24;06/01/2019;3.76;2.95;8.34;4.70;153;19;N;526;;;276;;
24;07/01/2019;3.69;2.91;8.26;4.61;157;17;N;521;;;279;;
24;08/01/2019;3.71;2.90;8.29;4.62;158;14;N;527;;;261;;
24;09/01/2019;3.71;3.02;8.35;4.67;310;20;N;533;;;319;;
24;10/01/2019;3.77;3.00;8.34;4.63;332;18;N;530;;;265;;
24;11/01/2019;3.67;3.00;8.34;4.66;372;19;N;528;;;256;;
24;12/01/2019;3.71;3.04;8.46;4.80;255;14;N;527;;;236;;
24;01/01/2020;3.77;2.96;8.41;4.72;266;14;N;525;;;207;;
24;02/01/2020;3.54;2.86;8.28;4.65;247;27;N;527;;;217;;
25;01/01/2019;3.91;3.40;9.10;4.90;421;56;N;524;;;214;;
25;02/01/2019;3.91;3.44;9.08;4.94;348;44;N;517;;;208;;
25;03/01/2019;3.78;3.34;9.04;4.88;316;971;N;522;;;212;;
25;04/01/2019;4.00;3.39;9.02;4.90;415;919;N;522;;;212;;
25;05/01/2019;3.78;3.41;9.09;4.94;341;13;N;525;;;181;;
25;06/01/2019;3.84;3.33;9.01;4.85;489;18;N;520;;;210;;
25;07/01/2019;3.78;3.32;8.98;4.81;509;26;N;524;;;214;;
25;08/01/2019;4.05;3.42;9.09;4.90;474;12;N;528;;;199;;
25;09/01/2019;3.97;3.47;9.11;4.99;500;56;N;524;;;214;;
25;10/01/2019;3.93;3.39;9.01;4.86;468;44;N;524;;;166;;
25;11/01/2019;3.85;3.35;9.01;4.87;422;39;N;527;;;166;;
25;12/01/2019;3.99;3.47;9.18;5.02;417;14;N;523;;;168;;
25;01/01/2020;3.89;3.36;9.13;4.95;296;14;N;529;;;175;;
25;02/01/2020;3.92;3.43;9.14;5.00;407;10;N;524;;;169;;
26;01/01/2019;3.83;3.10;8.61;4.76;181;14;N;531;;;228;;
26;02/01/2019;3.92;3.11;8.52;4.79;314;13;N;526;;;276;;
26;03/01/2019;4.07;1.05;8.47;4.58;430;16;N;532;;;271;;
26;04/01/2019;4.05;3.07;8.53;4.71;261;17;N;534;;;257;;
26;05/01/2019;3.82;2.91;8.35;4.61;190;9;N;527;;;235;;
26;06/01/2019;4.02;3.06;8.51;4.74;368;11;N;530;;;198;;
26;07/01/2019;3.72;2.88;8.25;4.52;558;22;N;522;;;166;;
26;08/01/2019;3.92;3.15;8.57;4.67;504;56;N;531;;;200;;
26;09/01/2019;3.91;3.19;8.60;4.64;303;18;N;539;;;283;;
26;10/01/2019;4.04;3.03;8.44;4.59;190;25;N;538;;;273;;
26;11/01/2019;4.24;3.25;8.71;4.82;180;12;N;530;;;191;;
26;12/01/2019;4.12;3.06;8.55;4.74;274;20;N;531;;;183;;
26;01/01/2020;3.99;3.02;8.61;4.84;123;262;N;535;;;120;;
26;02/01/2020;4.10;3.02;8.54;4.82;160;103;N;530;;;174;;
1;03/01/2018;3.52;3.34;8.87;4.87;117;11;N;524;;;248;;
1;04/01/2018;3.60;3.28;8.81;4.81;114;9;N;525;;;225;;
1;05/01/2018;3.47;3.19;8.68;4.73;122;12;N;522;;;255;;
1;06/01/2018;3.60;3.23;8.75;4.79;119;10;N;521;;;231;;
1;07/01/2018;3.40;3.06;8.62;4.63;93;9;N;520;;;171;;
1;08/01/2018;3.54;3.20;8.76;4.75;108;6;N;522;;;223;;
1;09/01/2018;3.50;3.23;8.76;4.79;98;8;N;525;;;208;;
1;10/01/2018;3.45;3.08;8.64;4.69;85;7;N;527;;;233;;
1;11/01/2018;3.55;3.18;8.68;4.75;116;8;N;522;;;223;;
1;12/01/2018;3.45;3.09;8.54;4.64;97;12;N;525;;;236;;
1;01/01/2019;3.56;3.23;8.78;4.86;82;11;N;527;;;161;;
1;02/01/2019;3.49;3.18;8.72;4.84;81;6;N;518;;;205;;
2;01/01/2018;3.78;3.23;8.79;4.79;95;20;N;523;;;262;;
2;02/01/2018;3.58;2.99;8.52;4.61;150;26;N;527;;;215;;
2;03/01/2018;3.67;3.07;8.62;4.79;106;26;N;531;;;144;;
2;04/01/2018;3.47;3.04;8.60;4.66;161;27;N;531;;;182;;
2;05/01/2018;3.64;3.13;8.67;4.77;169;20;N;525;;;164;;
2;06/01/2018;3.59;1.10;8.69;4.79;108;23;N;529;;;148;;
2;07/01/2018;3.63;3.16;8.75;4.85;146;35;N;530;;;128;;
2;08/01/2018;3.72;3.20;8.75;4.87;142;28;N;528;;;195;;
2;09/01/2018;3.54;3.06;8.56;4.69;165;39;N;527;;;150;;
2;10/01/2018;3.59;3.13;8.61;4.78;155;37;N;531;;;187;;
2;11/01/2018;3.77;3.33;8.80;4.92;147;31;N;526;;;214;;
2;12/01/2018;3.56;3.11;8.52;4.66;149;38;N;528;;;189;;
2;01/01/2019;3.50;3.17;8.65;4.80;135;36;N;528;;;146;;
2;02/01/2019;3.55;3.21;8.73;4.85;101;29;N;528;;;255;;
3;01/01/2018;3.82;3.31;9.02;4.86;249;11;N;527;;;191;;
3;02/01/2018;3.88;3.38;9.02;4.97;263;17;N;526;;;161;;
3;03/01/2018;3.55;3.29;9.00;4.91;216;7;N;526;;;126;;
3;04/01/2018;3.60;3.24;8.94;4.86;279;10;N;529;;;176;;
3;05/01/2018;3.72;3.32;9.02;4.91;282;11;N;523;;;181;;
3;06/01/2018;3.70;3.28;8.98;4.93;241;17;N;528;;;175;;
3;07/01/2018;3.76;3.33;8.94;4.97;234;9;N;520;;;153;;
3;08/01/2018;3.60;3.18;8.82;4.80;225;4;N;519;;;160;;
3;09/01/2018;3.53;3.18;8.81;4.81;398;10;N;531;;;205;;
3;10/01/2018;3.63;3.23;8.84;4.80;268;5;N;517;;;182;;
3;11/01/2018;3.65;3.33;8.96;4.94;321;10;N;525;;;142;;
3;12/01/2018;3.55;3.30;8.96;4.95;403;10;N;525;;;156;;
3;01/01/2019;3.46;3.14;8.90;4.89;342;11;N;529;;;92;;
3;02/01/2019;3.61;3.30;9.00;5.01;327;10;N;524;;;159;;
4;01/01/2018;3.65;3.10;8.75;4.85;141;7;N;527;;;137;;
4;02/01/2018;3.86;3.12;8.84;4.84;202;14;N;536;;;161;;
4;03/01/2018;3.72;3.13;8.79;4.88;248;8;N;530;;;91;;
4;04/01/2018;3.83;3.18;8.85;4.91;191;10;N;532;;;100;;
4;05/01/2018;3.78;3.14;8.82;4.83;159;13;N;534;;;112;;
4;06/01/2018;3.58;2.97;8.59;4.80;131;10;N;527;;;119;;
4;07/01/2018;3.96;3.19;8.91;5.03;228;8;N;532;;;78;;
4;08/01/2018;3.76;3.18;8.89;4.99;92;9;N;533;;;187;;
4;09/01/2018;3.69;3.14;8.80;4.95;165;9;N;532;;;145;;
4;10/01/2018;3.72;3.05;8.68;4.84;167;10;N;534;;;151;;
4;11/01/2018;3.69;3.11;8.78;4.92;125;12;N;539;;;170;;
4;12/01/2018;3.49;2.97;8.53;4.76;110;5;N;525;;;139;;
4;01/01/2019;3.33;2.85;8.46;4.76;159;6;N;527;;;70;;
4;02/01/2019;3.54;3.02;8.68;4.87;146;7;N;530;;;117;;
5;01/01/2018;3.60;3.32;9.00;4.86;502;21;N;527;;;169;;
5;02/01/2018;3.49;3.26;8.94;4.80;506;14;N;522;;;142;;
5;03/01/2018;3.61;3.32;8.93;4.84;420;18;N;519;;;169;;
5;04/01/2018;3.52;3.26;8.88;4.78;329;13;N;520;;;159;;
5;05/01/2018;3.55;3.28;8.95;4.84;183;8;N;522;;;152;;
5;06/01/2018;3.70;3.40;9.08;4.98;234;13;N;524;;;119;;
5;07/01/2018;3.74;3.44;9.10;5.03;445;24;N;523;;;164;;
5;08/01/2018;3.48;3.25;8.88;4.80;425;16;N;525;;;160;;
5;09/01/2018;3.50;3.28;8.90;4.81;291;18;N;518;;;187;;
5;10/01/2018;3.75;3.40;8.98;4.95;421;12;N;518;;;201;;
5;11/01/2018;3.76;3.37;8.93;4.89;360;30;N;527;;;223;;
5;12/01/2018;3.66;3.36;8.90;4.82;377;15;N;519;;;186;;
5;01/01/2019;4.00;3.46;9.06;4.99;579;24;N;521;;;174;;
5;02/01/2019;3.57;3.27;8.92;4.87;439;72;N;523;;;100;;
6;01/01/2018;3.93;3.38;8.95;4.75;431;20;N;530;;;252;;
6;02/01/2018;3.84;3.28;8.84;4.80;299;22;N;532;;;236;;
6;03/01/2018;3.66;3.14;8.75;4.79;380;52;N;529;;;202;;
6;04/01/2018;3.42;3.02;8.65;4.72;506;31;N;530;;;202;;
6;05/01/2018;3.63;3.13;8.69;4.78;254;39;N;537;;;252;;
6;06/01/2018;3.71;3.21;8.75;4.79;209;47;N;527;;;172;;
6;07/01/2018;3.57;3.25;8.91;4.94;214;46;N;535;;;166;;
7;01/01/2018;3.92;3.26;8.76;4.72;599;24;N;521;;;225;;
7;02/01/2018;3.88;3.26;8.76;4.75;265;17;N;518;;;230;;
7;03/01/2018;3.79;3.18;8.63;4.64;281;20;N;517;;;212;;
7;04/01/2018;4.05;3.44;8.90;4.84;537;26;N;530;;;212;;
7;05/01/2018;3.72;3.30;8.75;4.72;353;17;N;518;;;231;;
7;06/01/2018;3.90;3.27;8.72;4.66;301;54;N;524;;;286;;
7;07/01/2018;3.83;3.11;8.56;4.54;405;22;N;522;;;237;;
7;08/01/2018;3.93;3.33;8.82;4.80;284;24;N;527;;;280;;
7;09/01/2018;3.85;3.33;8.73;4.75;284;16;N;519;;;262;;
7;10/01/2018;3.86;3.23;8.65;4.62;284;22;N;519;;;280;;
7;11/01/2018;3.64;3.25;8.65;4.66;451;24;N;521;;;253;;
7;12/01/2018;3.75;3.16;8.61;4.67;455;15;N;514;;;286;;
7;01/01/2019;3.97;3.22;8.77;4.84;237;18;N;520;;;170;;
7;02/01/2019;3.84;3.08;8.55;4.77;263;17;N;513;;;156;;
8;01/01/2018;3.74;3.08;8.74;4.94;104;20;N;529;;;255;;
8;02/01/2018;3.54;2.96;8.53;4.78;123;17;N;525;;;281;;
8;03/01/2018;3.65;3.01;8.56;4.84;102;12;N;521;;;283;;
8;04/01/2018;3.72;3.04;8.67;4.88;60;12;N;529;;;265;;
8;05/01/2018;3.84;3.17;8.76;4.81;85;13;N;527;;;257;;
8;06/01/2018;3.94;3.20;8.80;4.77;76;18;N;528;;;271;;
8;07/01/2018;3.94;3.19;8.75;4.76;88;13;N;526;;;309;;
8;08/01/2018;3.85;3.14;8.72;4.79;127;14;N;530;;;230;;
8;09/01/2018;3.90;3.16;8.71;4.86;115;14;N;532;;;262;;
8;10/01/2018;3.65;2.94;8.54;4.72;42;13;N;530;;;273;;
8;11/01/2018;3.70;3.12;8.64;4.84;117;11;N;524;;;234;;
8;12/01/2018;3.69;3.08;8.63;4.84;109;32;N;523;;;219;;
8;01/01/2019;3.83;3.07;8.73;4.98;82;12;N;528;;;216;;
8;02/01/2019;3.76;3.07;8.68;4.96;55;11;N;530;;;260;;
9;01/01/2018;3.60;3.18;8.71;4.85;460;40;N;525;;;134;;
9;02/01/2018;3.44;3.11;8.57;4.69;283;28;N;519;;;171;;
9;03/01/2018;3.67;3.09;8.62;4.74;349;26;N;522;;;141;;
9;04/01/2018;3.62;3.07;8.62;4.84;355;44;N;510;;;73;;
9;05/01/2018;3.52;2.94;8.47;4.72;286;28;N;508;;;86;;
9;06/01/2018;3.49;3.03;8.57;4.77;250;45;N;522;;;171;;
9;07/01/2018;3.50;2.97;8.54;4.78;408;36;N;529;;;172;;
9;08/01/2018;3.42;2.89;8.36;4.70;274;31;N;518;;;136;;
9;09/01/2018;3.42;2.99;8.54;4.74;419;20;N;532;;;181;;
9;10/01/2018;3.61;3.16;8.62;4.63;482;69;N;522;;;169;;
9;11/01/2018;3.73;3.18;8.59;4.71;718;29;N;516;;;152;;
9;12/01/2018;3.78;3.18;8.64;4.80;529;32;N;523;;;133;;
9;01/01/2019;3.68;3.13;8.64;4.85;636;15;N;520;;;121;;
10;01/01/2018;4.11;3.29;8.89;4.81;162;12;N;532;;;218;;
10;02/01/2018;4.37;3.53;9.14;5.10;222;11;N;531;;;217;;
10;03/01/2018;4.22;3.41;8.99;4.95;132;8;N;522;;;210;;
10;04/01/2018;4.04;3.16;8.77;4.72;133;12;N;529;;;219;;
10;05/01/2018;4.16;3.34;8.94;4.91;89;9;N;521;;;210;;
10;06/01/2018;4.04;3.24;8.81;4.79;120;21;N;526;;;202;;
10;07/01/2018;4.06;3.24;8.89;4.87;88;13;N;530;;;220;;
10;08/01/2018;4.03;3.27;8.87;4.90;92;11;N;524;;;215;;
10;09/01/2018;3.94;3.27;8.90;4.93;102;9;N;530;;;219;;
10;10/01/2018;3.93;3.14;8.75;4.78;140;8;N;526;;;217;;
10;11/01/2018;4.12;3.26;8.82;4.86;115;12;N;528;;;199;;
10;12/01/2018;3.82;3.10;8.63;4.72;82;12;N;525;;;213;;
10;01/01/2019;4.02;3.30;8.87;4.89;81;12;N;526;;;133;;
10;02/01/2019;3.96;3.22;8.82;4.88;85;10;N;525;;;213;;
11;01/01/2018;3.64;3.14;8.81;4.93;61;10;N;522;;;171;;
11;02/01/2018;3.86;3.41;9.01;4.83;445;11;N;530;;;195;;
11;03/01/2018;3.67;3.39;8.99;4.79;354;17;N;526;;;147;;
11;04/01/2018;3.39;3.15;8.75;4.69;279;15;N;530;;;173;;
11;05/01/2018;3.34;3.10;8.69;4.76;107;14;N;526;;;148;;
11;06/01/2018;3.78;3.07;8.62;4.75;1332;13;N;521;;;165;;
11;07/01/2018;3.55;3.02;8.61;4.75;1037;10;N;527;;;146;;
11;08/01/2018;3.43;3.11;8.64;4.79;300;12;N;526;;;195;;
11;09/01/2018;3.70;3.13;8.69;4.82;159;14;N;528;;;215;;
11;10/01/2018;3.55;3.19;8.73;4.85;144;8;N;523;;;190;;
11;11/01/2018;3.60;3.15;8.70;4.90;700;8;N;520;;;153;;
11;12/01/2018;3.51;3.06;8.68;4.89;569;9;N;523;;;115;;
11;01/01/2019;3.49;3.14;8.70;4.86;219;10;N;523;;;147;;
12;01/01/2018;3.77;3.23;8.67;4.66;158;51;N;529;;;102;;
12;02/01/2018;3.72;3.20;8.58;4.61;165;84;N;524;;;145;;
12;03/01/2018;3.87;3.23;8.63;4.65;146;7;N;520;;;129;;
12;04/01/2018;3.70;3.17;8.63;4.70;129;15;N;531;;;121;;
12;05/01/2018;3.78;3.18;8.64;4.73;114;11;N;524;;;104;;
12;06/01/2018;3.69;3.13;8.58;4.70;134;25;N;522;;;144;;
12;07/01/2018;3.76;3.28;8.66;4.74;157;57;N;532;;;370;;
12;08/01/2018;3.76;3.06;8.49;4.60;208;10;N;526;;;160;;
12;09/01/2018;3.85;1.26;8.71;4.80;116;15;N;529;;;141;;
12;10/01/2018;3.75;3.12;8.54;4.70;107;18;N;528;;;239;;
12;11/01/2018;3.71;3.05;8.55;4.77;120;22;N;528;;;100;;
12;12/01/2018;3.58;3.03;8.47;4.73;89;25;N;520;;;136;;
13;01/01/2018;3.74;3.19;8.86;4.89;229;26;N;530;;;158;;
13;02/01/2018;3.63;3.15;8.82;4.88;123;19;N;525;;;149;;
13;03/01/2018;3.54;3.14;8.79;4.86;230;21;N;528;;;100;;
13;04/01/2018;3.58;3.19;8.82;4.89;343;21;N;529;;;168;;
13;05/01/2018;3.64;3.13;8.79;4.87;357;20;N;526;;;145;;
13;06/01/2018;3.37;2.93;8.57;4.69;265;17;N;523;;;119;;
13;07/01/2018;3.45;3.14;8.74;4.84;351;17;N;523;;;183;;
13;08/01/2018;3.60;1.17;8.82;4.90;190;24;N;528;;;180;;
13;09/01/2018;3.64;3.19;8.83;4.97;226;19;N;535;;;202;;
13;10/01/2018;3.52;3.06;8.62;4.82;141;19;N;525;;;176;;
13;11/01/2018;3.49;2.92;8.48;4.69;122;19;N;524;;;178;;
13;12/01/2018;3.65;3.15;8.67;4.90;189;19;N;523;;;210;;
13;01/01/2019;3.66;3.12;8.73;4.90;238;16;N;527;;;157;;
13;02/01/2019;3.48;3.10;8.76;4.92;229;15;N;530;;;166;;
14;01/01/2018;3.90;3.13;8.60;0.82;137;16;N;528;;;235;;
14;02/01/2018;3.62;2.94;8.46;4.78;130;25;N;527;;;198;;
14;03/01/2018;3.43;2.85;8.37;4.66;124;27;N;531;;;164;;
14;04/01/2018;3.77;3.14;8.69;4.92;108;35;N;529;;;160;;
14;05/01/2018;3.69;3.03;8.50;4.78;175;66;N;527;;;155;;
14;06/01/2018;3.41;2.97;8.45;4.69;145;35;N;525;;;168;;
14;07/01/2018;3.55;2.98;8.49;4.77;133;18;N;528;;;183;;
14;08/01/2018;3.64;3.10;8.56;4.85;80;20;N;521;;;182;;
14;09/01/2018;3.46;2.91;8.34;4.68;94;17;N;525;;;101;;
14;10/01/2018;3.26;2.87;8.28;4.61;148;23;N;519;;;154;;
14;11/01/2018;3.50;3.00;8.44;4.73;107;50;N;527;;;137;;
14;12/01/2018;3.49;3.00;8.35;4.66;142;8;N;523;;;146;;
14;01/01/2019;3.27;2.90;8.34;4.63;185;13;N;523;;;96;;
14;02/01/2019;3.34;3.02;8.53;4.83;209;12;N;522;;;111;;
15;01/01/2018;3.72;3.11;8.45;4.62;385;11;N;525;;;265;;
15;02/01/2018;3.78;3.06;8.38;0.60;279;43;N;519;;;262;;
15;03/01/2018;3.63;2.98;8.30;4.52;240;8;N;519;;;226;;
15;04/01/2018;3.67;3.09;8.37;4.54;271;7;N;520;;;241;;
15;05/01/2018;3.59;3.04;7.97;0.55;241;13;N;524;;;238;;
15;06/01/2018;3.71;3.22;8.58;4.63;224;9;N;524;;;243;;
15;07/01/2018;3.66;3.08;8.45;4.56;255;15;N;528;;;245;;
15;08/01/2018;3.81;3.19;8.61;0.71;244;13;N;530;;;219;;
15;09/01/2018;3.76;3.08;8.44;4.60;305;15;N;532;;;215;;
15;10/01/2018;3.78;3.11;8.47;4.64;332;4;N;521;;;224;;
15;11/01/2018;3.85;3.19;8.17;4.72;196;11;N;526;;;239;;
15;12/01/2018;3.77;3.06;8.35;4.58;260;6;N;519;;;227;;
15;01/01/2019;3.75;3.10;8.46;4.64;228;10;N;525;;;211;;
15;02/01/2019;3.85;3.09;8.52;4.75;238;11;N;528;;;200;;
16;01/01/2018;3.85;3.44;8.97;4.96;280;37;N;524;;;295;;
16;02/01/2018;3.55;3.29;8.77;4.77;287;50;N;519;;;292;;
16;03/01/2018;3.63;3.29;8.83;4.80;318;40;N;523;;;270;;
16;04/01/2018;3.51;3.20;8.68;4.63;278;38;N;525;;;292;;
16;05/01/2018;3.60;3.25;8.76;4.73;288;100;N;525;;;270;;
16;06/01/2018;3.50;3.15;8.70;4.63;291;34;N;524;;;262;;
16;07/01/2018;3.59;3.21;8.76;4.71;251;35;N;524;;;269;;
16;08/01/2018;3.62;3.37;8.92;4.90;232;60;N;526;;;313;;
16;09/01/2018;3.52;3.28;8.79;4.78;272;69;N;528;;;292;;
16;10/01/2018;3.69;3.36;8.82;4.86;255;35;N;522;;;284;;
16;11/01/2018;3.68;3.34;8.79;4.81;288;45;N;523;;;310;;
16;12/01/2018;3.50;3.19;8.61;4.65;296;36;N;521;;;306;;
16;01/01/2019;3.59;3.31;8.75;4.78;305;37;N;518;;;240;;
16;02/01/2019;3.67;3.31;8.82;4.81;231;13;N;525;;;243;;
17;01/01/2018;3.72;3.17;8.85;4.79;174;10;N;526;;;146;;
17;02/01/2018;3.82;3.30;8.98;4.99;225;16;N;531;;;166;;
17;03/01/2018;3.69;3.21;8.88;4.93;217;16;N;529;;;110;;
17;04/01/2018;3.68;3.23;8.94;4.94;245;10;N;528;;;143;;
17;05/01/2018;3.55;3.19;8.87;4.86;210;5;N;518;;;142;;
17;06/01/2018;3.70;3.33;9.01;4.99;241;8;N;524;;;148;;
17;07/01/2018;3.66;3.31;9.03;4.95;240;13;N;529;;;124;;
17;08/01/2018;3.69;3.27;8.97;4.93;170;6;N;523;;;216;;
17;09/01/2018;3.64;3.14;8.82;4.86;228;12;N;531;;;201;;
17;10/01/2018;3.81;3.25;8.88;4.99;158;63;N;522;;;176;;
17;11/01/2018;3.78;3.24;8.96;4.95;171;11;N;531;;;210;;
17;12/01/2018;3.77;3.26;8.90;4.94;124;9;N;524;;;198;;
17;01/01/2019;3.76;3.20;8.89;4.91;155;17;N;525;;;149;;
17;02/01/2019;3.77;3.25;8.98;5.04;142;12;N;528;;;145;;
18;01/01/2018;3.66;3.11;8.51;4.70;385;30;N;516;;;216;;
18;02/01/2018;3.53;3.02;8.45;4.70;341;46;N;522;;;174;;
18;03/01/2018;3.71;2.96;8.39;4.61;411;43;N;524;;;174;;
18;04/01/2018;3.66;2.95;8.38;4.61;467;55;N;519;;;162;;
18;05/01/2018;3.76;3.04;8.47;4.73;395;38;N;521;;;160;;
18;06/01/2018;3.82;2.96;8.42;4.64;325;49;N;518;;;126;;
18;07/01/2018;3.89;3.06;8.53;4.76;306;29;N;531;;;169;;
18;08/01/2018;3.71;3.03;8.44;4.72;281;40;N;530;;;158;;
18;09/01/2018;3.67;3.00;8.39;4.69;272;52;N;521;;;150;;
18;10/01/2018;3.70;3.06;8.49;4.76;264;33;N;520;;;181;;
18;11/01/2018;3.49;2.80;8.11;4.43;302;32;N;520;;;196;;
18;12/01/2018;3.63;3.02;8.43;4.72;374;29;N;522;;;118;;
18;01/01/2019;3.70;3.07;8.45;4.79;304;50;N;511;;;131;;
19;01/01/2018;4.03;3.06;8.60;4.81;232;27;N;523;;;154;;
19;02/01/2018;3.98;3.03;8.48;4.73;245;18;N;520;;;155;;
19;03/01/2018;3.82;2.90;8.32;4.63;270;17;N;524;;;138;;
19;04/01/2018;4.12;3.16;8.64;4.86;215;23;N;529;;;148;;
19;05/01/2018;3.77;3.02;8.53;4.78;248;12;N;524;;;136;;
19;06/01/2018;3.85;3.04;8.54;4.79;241;20;N;527;;;170;;
19;07/01/2018;3.91;3.05;8.51;4.81;318;21;N;527;;;165;;
19;08/01/2018;3.66;2.87;8.32;4.61;307;22;N;530;;;166;;
19;09/01/2018;3.71;2.94;8.39;4.72;328;29;N;528;;;217;;
19;10/01/2018;3.76;2.91;8.32;4.64;331;28;N;529;;;222;;
19;11/01/2018;3.87;2.98;8.43;4.71;282;23;N;525;;;148;;
19;12/01/2018;3.85;2.99;8.49;4.74;230;16;N;531;;;179;;
19;01/01/2019;3.76;2.92;8.50;4.75;247;13;N;528;;;106;;
19;02/01/2019;3.70;2.89;8.43;4.73;354;24;N;530;;;154;;
20;01/01/2018;3.80;3.47;9.05;4.90;978;60;N;520;;;228;;
20;02/01/2018;3.72;3.38;8.97;4.83;833;35;N;522;;;219;;
20;03/01/2018;3.69;3.33;8.96;4.84;701;34;N;530;;;174;;
20;04/01/2018;3.76;3.34;8.94;4.81;873;29;N;524;;;198;;
20;05/01/2018;3.61;3.20;8.78;4.65;690;30;N;519;;;205;;
20;06/01/2018;3.70;3.24;8.86;4.73;778;39;N;524;;;205;;
20;07/01/2018;3.81;3.42;9.01;4.91;658;21;N;519;;;184;;
20;08/01/2018;3.42;3.28;8.90;4.77;711;59;N;533;;;219;;
20;09/01/2018;3.59;3.39;8.96;4.89;784;39;N;525;;;249;;
20;10/01/2018;3.66;3.31;8.84;4.79;927;49;N;525;;;241;;
20;11/01/2018;3.77;3.37;8.96;4.88;785;50;N;523;;;225;;
20;12/01/2018;3.77;3.51;9.04;4.92;927;49;N;522;;;218;;
20;01/01/2019;3.64;3.51;9.08;4.98;795;27;N;519;;;179;;
20;02/01/2019;3.63;3.50;9.13;4.98;786;45;N;520;;;183;;
21;01/01/2018;4.30;3.30;8.84;4.30;691;19;N;528;;;187;;
21;02/01/2018;3.95;3.03;8.53;4.67;564;19;N;524;;;204;;
21;03/01/2018;3.99;3.10;8.51;4.72;651;18;N;518;;;202;;
21;04/01/2018;4.06;3.16;8.67;4.78;631;17;N;523;;;159;;
21;05/01/2018;4.06;3.04;8.53;4.66;710;39;N;526;;;162;;
21;06/01/2018;4.10;3.00;8.50;4.67;664;63;N;526;;;179;;
21;07/01/2018;3.96;3.01;8.48;4.66;747;83;N;515;;;169;;
21;08/01/2018;4.19;3.04;8.51;4.73;667;20;N;525;;;184;;
21;09/01/2018;4.08;3.11;8.51;4.76;531;15;N;523;;;169;;
21;10/01/2018;4.17;3.12;8.51;4.69;470;17;N;524;;;178;;
21;11/01/2018;4.03;3.00;8.39;4.62;539;22;N;533;;;187;;
21;12/01/2018;4.09;3.10;8.55;4.73;487;13;N;524;;;182;;
21;01/01/2019;4.17;3.20;8.69;4.88;460;26;N;529;;;142;;
21;02/01/2019;4.07;3.08;8.54;4.75;388;12;N;523;;;171;;
22;01/01/2018;3.83;3.17;8.68;4.71;261;11;N;534;;;219;;
22;02/01/2018;3.79;3.15;8.65;4.75;177;13;N;530;;;173;;
22;03/01/2018;3.67;3.11;8.68;4.72;236;16;N;539;;;194;;
22;04/01/2018;3.87;3.32;8.79;4.88;206;9;N;528;;;243;;
22;05/01/2018;3.74;3.09;8.64;4.69;296;14;N;529;;;180;;
22;06/01/2018;3.88;3.12;8.68;4.73;283;16;N;531;;;173;;
22;07/01/2018;3.97;3.21;8.77;4.83;138;10;N;532;;;154;;
22;08/01/2018;4.00;3.19;8.71;4.83;115;16;N;536;;;162;;
22;09/01/2018;3.88;3.05;8.53;4.71;96;13;N;527;;;208;;
22;10/01/2018;3.99;3.16;8.67;4.85;197;20;N;536;;;210;;
22;11/01/2018;3.83;3.13;8.67;4.84;220;19;N;539;;;155;;
22;12/01/2018;3.73;3.08;8.65;4.80;354;15;N;533;;;131;;
22;01/01/2019;3.63;3.18;8.78;4.93;266;17;N;537;;;161;;
22;02/01/2019;3.84;3.14;8.69;4.89;483;21;N;535;;;175;;
23;01/01/2018;3.91;3.23;8.89;4.82;150;14;N;523;;;133;;
23;02/01/2018;3.85;3.17;8.80;4.79;159;14;N;520;;;149;;
23;03/01/2018;4.00;3.26;8.90;4.90;141;20;N;522;;;124;;
23;04/01/2018;4.00;3.31;8.93;4.98;121;22;N;518;;;187;;
23;05/01/2018;4.01;3.31;8.99;5.00;108;42;N;515;;;121;;
23;06/01/2018;4.03;3.24;8.88;4.93;152;17;N;519;;;170;;
23;07/01/2018;3.83;3.12;8.78;4.82;315;54;N;523;;;155;;
23;08/01/2018;3.79;3.10;8.69;4.76;156;27;N;515;;;167;;
23;09/01/2018;3.85;3.16;8.74;4.86;232;44;N;526;;;198;;
23;10/01/2018;3.77;3.13;8.72;4.84;155;52;N;528;;;202;;
23;11/01/2018;3.73;3.04;8.61;4.68;153;65;N;521;;;168;;
23;12/01/2018;3.94;3.10;8.73;4.83;204;49;N;517;;;165;;
23;01/01/2019;3.91;3.14;8.81;4.92;194;55;N;522;;;110;;
23;02/01/2019;3.75;2.99;8.61;4.79;286;65;N;524;;;158;;
24;01/01/2018;3.92;3.11;8.54;4.81;138;13;N;526;;;327;;
24;02/01/2018;3.76;2.94;8.33;4.69;176;9;N;520;;;247;;
24;03/01/2018;3.55;2.82;8.17;4.55;152;18;N;522;;;296;;
24;04/01/2018;7.79;3.01;8.34;4.74;134;15;N;523;;;323;;
24;05/01/2018;3.67;2.86;8.29;4.62;164;13;N;522;;;265;;
24;06/01/2018;3.75;2.94;8.33;4.69;152;18;N;525;;;275;;
24;07/01/2018;3.70;2.92;8.27;4.62;155;15;N;519;;;277;;
24;08/01/2018;3.73;2.92;8.31;4.64;159;15;N;528;;;262;;
24;09/01/2018;3.66;2.97;8.30;4.62;309;19;N;532;;;318;;
24;10/01/2018;3.75;2.98;8.32;4.61;333;19;N;531;;;266;;
24;11/01/2018;3.63;2.96;8.30;4.62;374;21;N;530;;;258;;
24;12/01/2018;3.70;3.03;8.45;4.79;257;16;N;529;;;238;;
24;01/01/2019;3.75;2.94;8.39;4.70;265;13;N;524;;;206;;
24;02/01/2019;3.57;2.89;8.31;4.68;248;28;N;528;;;218;;
25;01/01/2018;3.94;3.43;9.13;4.93;421;56;N;524;;;214;;
25;02/01/2018;3.88;3.41;9.05;4.91;349;45;N;518;;;209;;
25;03/01/2018;3.76;3.32;9.02;4.86;315;970;N;521;;;211;;
25;04/01/2018;4.02;3.41;9.04;4.92;417;921;N;524;;;214;;
25;05/01/2018;3.83;3.46;9.14;4.99;340;12;N;524;;;180;;
25;06/01/2018;3.85;3.34;9.02;4.86;487;16;N;518;;;208;;
25;07/01/2018;3.79;3.33;8.99;4.82;508;25;N;523;;;213;;
25;08/01/2018;4.08;3.45;9.12;4.93;472;10;N;526;;;197;;
25;09/01/2018;3.98;3.48;9.12;5.00;499;55;N;523;;;213;;
25;10/01/2018;3.94;3.40;9.02;4.87;469;45;N;525;;;167;;
25;11/01/2018;3.85;3.35;9.01;4.87;422;39;N;527;;;166;;
25;12/01/2018;4.04;3.52;9.23;5.07;415;12;N;521;;;166;;
25;01/01/2019;3.89;3.36;9.13;4.95;297;15;N;530;;;176;;
25;02/01/2019;3.92;3.43;9.14;5.00;405;8;N;522;;;167;;
26;01/01/2018;3.80;3.07;8.58;4.73;183;16;N;533;;;230;;
26;02/01/2018;3.87;3.06;8.47;4.74;315;14;N;527;;;277;;
26;03/01/2018;4.06;1.04;8.46;4.57;429;15;N;531;;;270;;
26;04/01/2018;4.09;3.11;8.57;4.75;263;19;N;536;;;259;;
26;05/01/2018;3.80;2.89;8.33;4.59;190;9;N;527;;;235;;
26;06/01/2018;3.96;3.00;8.45;4.68;368;11;N;530;;;198;;
26;07/01/2018;3.72;2.88;8.25;4.52;556;20;N;520;;;164;;
26;08/01/2018;3.91;3.14;8.56;4.66;506;58;N;533;;;202;;
26;09/01/2018;3.93;3.21;8.62;4.66;303;18;N;539;;;283;;
26;10/01/2018;4.07;3.06;8.47;4.62;192;27;N;540;;;275;;
26;11/01/2018;4.22;3.23;8.69;4.80;179;11;N;529;;;190;;
26;12/01/2018;4.09;3.03;8.52;4.71;274;20;N;531;;;183;;
26;01/01/2019;4.01;3.04;8.63;4.86;125;264;N;537;;;122;;
26;02/01/2019;4.06;2.98;8.50;4.78;162;105;N;532;;;176;;
